0,1565393003.961859700,3648237803.961859700,-80.00,40.00,-200.00,0.501730000,1.221610000,1.236700000,-87.95,41.99,-192.75
0,1565393004.961604590,3648237804.961604590,-80.00,40.00,-200.00,0.501370000,1.221610000,1.236890000,-87.95,41.99,-192.75
0,1565393005.961819650,3648237805.961819650,-80.00,40.00,-200.00,0.501150000,1.221630000,1.236980000,-87.95,41.99,-192.75
0,1565393006.961514950,3648237806.961514950,-80.00,40.00,-200.00,0.501020000,1.221710000,1.236970000,-87.95,41.99,-192.75
0,1565393007.961532120,3648237807.961532120,-80.00,40.00,-200.00,0.501250000,1.221700000,1.236850000,-87.95,41.99,-192.75
1,1565393014.320831300,3648237814.320831300,-80.00,80.00,-200.00,0.594070000,1.255500000,1.038350000,-87.95,81.99,-192.75
1,1565393015.322093010,3648237815.322093010,-80.00,80.00,-200.00,0.594050000,1.255530000,1.038330000,-87.95,81.99,-192.75
1,1565393016.322049620,3648237816.322049620,-80.00,80.00,-200.00,0.594020000,1.255430000,1.038490000,-87.95,81.99,-192.75
1,1565393017.321346280,3648237817.321346280,-80.00,80.00,-200.00,0.593960000,1.255550000,1.038330000,-87.95,81.99,-192.75
1,1565393018.321952340,3648237818.321952340,-80.00,80.00,-200.00,0.593920000,1.255460000,1.038520000,-87.95,81.99,-192.75
2,1565393024.312412740,3648237824.312412740,-80.00,120.00,-200.00,0.572470000,1.340360000,0.903030000,-87.95,121.99,-192.75
2,1565393025.313243870,3648237825.313243860,-80.00,120.00,-200.00,0.574400000,1.340160000,0.901920000,-87.95,121.99,-192.75
2,1565393026.312510970,3648237826.312510970,-80.00,120.00,-200.00,0.574320000,1.340270000,0.901700000,-87.95,121.99,-192.75
2,1565393027.313270090,3648237827.313270090,-80.00,120.00,-200.00,0.574050000,1.340390000,0.901620000,-87.95,121.99,-192.75
2,1565393028.312313080,3648237828.312313080,-80.00,120.00,-200.00,0.574200000,1.340350000,0.901590000,-87.95,121.99,-192.75
3,1565393034.408463480,3648237834.408463480,-80.00,160.00,-200.00,0.507700000,1.427970000,0.795430000,-87.95,161.99,-192.75
3,1565393035.408887860,3648237835.408887860,-80.00,160.00,-200.00,0.507720000,1.428150000,0.794950000,-87.95,161.99,-192.75
3,1565393036.408641810,3648237836.408641810,-80.00,160.00,-200.00,0.507110000,1.428140000,0.795270000,-87.95,161.99,-192.75
3,1565393037.409193990,3648237837.409193990,-80.00,160.00,-200.00,0.506520000,1.428440000,0.795120000,-87.95,161.99,-192.75
3,1565393038.408402440,3648237838.408402440,-80.00,160.00,-200.00,0.506480000,1.428420000,0.795260000,-87.95,161.99,-192.75
4,1565393043.543241020,3648237843.543241020,-80.00,200.00,-200.00,0.429610000,1.505510000,0.705830000,-87.95,201.99,-192.75
4,1565393044.542276380,3648237844.542276380,-80.00,200.00,-200.00,0.429400000,1.505450000,0.705730000,-87.95,201.99,-192.75
4,1565393045.543240070,3648237845.543240070,-80.00,200.00,-200.00,0.430890000,1.505350000,0.704750000,-87.95,201.99,-192.75
4,1565393046.542558190,3648237846.542558190,-80.00,200.00,-200.00,0.431020000,1.505380000,0.704750000,-87.95,201.99,-192.75
4,1565393047.543106080,3648237847.543106080,-80.00,200.00,-200.00,0.430740000,1.505440000,0.704590000,-87.95,201.99,-192.75
5,1565393081.536588190,3648237881.536588190,-40.00,40.00,-200.00,0.776860000,0.864980000,1.172000000,-47.95,41.99,-192.75
5,1565393082.537682060,3648237882.537682060,-40.00,40.00,-200.00,0.776820000,0.865110000,1.171940000,-47.95,41.99,-192.75
5,1565393083.538768770,3648237883.538768770,-40.00,40.00,-200.00,0.776390000,0.864970000,1.172300000,-47.95,41.99,-192.75
5,1565393084.538971420,3648237884.538971420,-40.00,40.00,-200.00,0.776430000,0.865430000,1.171920000,-47.95,41.99,-192.75
5,1565393085.540075300,3648237885.540075300,-40.00,40.00,-200.00,0.776300000,0.865370000,1.172060000,-47.95,41.99,-192.75
6,1565393090.237984180,3648237890.237984180,-40.00,80.00,-200.00,0.885270000,1.223680000,1.045320000,-47.95,81.99,-192.75
6,1565393091.237885950,3648237891.237885950,-40.00,80.00,-200.00,0.885320000,1.222830000,1.046490000,-47.95,81.99,-192.75
6,1565393092.238070490,3648237892.238070490,-40.00,80.00,-200.00,0.885170000,1.223280000,1.045920000,-47.95,81.99,-192.75
6,1565393093.238107680,3648237893.238107680,-40.00,80.00,-200.00,0.883680000,1.222980000,1.047650000,-47.95,81.99,-192.75
6,1565393094.238033770,3648237894.238033770,-40.00,80.00,-200.00,0.884840000,1.223120000,1.046400000,-47.95,81.99,-192.75
7,1565393098.837909220,3648237898.837909220,-40.00,120.00,-200.00,0.841180000,1.399530000,0.915370000,-47.95,121.99,-192.75
7,1565393099.838101390,3648237899.838101390,-40.00,120.00,-200.00,0.840700000,1.399900000,0.915110000,-47.95,121.99,-192.75
7,1565393100.837456700,3648237900.837456700,-40.00,120.00,-200.00,0.840730000,1.399910000,0.914950000,-47.95,121.99,-192.75
7,1565393101.837401870,3648237901.837401870,-40.00,120.00,-200.00,0.843000000,1.399370000,0.913540000,-47.95,121.99,-192.75
7,1565393102.837419990,3648237902.837419990,-40.00,120.00,-200.00,0.843010000,1.399410000,0.913520000,-47.95,121.99,-192.75
8,1565393107.428145410,3648237907.428145410,-40.00,160.00,-200.00,0.754140000,1.517250000,0.798620000,-47.95,161.99,-192.75
8,1565393108.427454950,3648237908.427454950,-40.00,160.00,-200.00,0.753860000,1.517480000,0.798250000,-47.95,161.99,-192.75
8,1565393109.427790160,3648237909.427790160,-40.00,160.00,-200.00,0.753670000,1.517440000,0.798640000,-47.95,161.99,-192.75
8,1565393110.427459720,3648237910.427459720,-40.00,160.00,-200.00,0.753980000,1.517450000,0.798410000,-47.95,161.99,-192.75
8,1565393111.427700040,3648237911.427700040,-40.00,160.00,-200.00,0.754130000,1.517370000,0.798540000,-47.95,161.99,-192.75
9,1565393115.972497460,3648237915.972497460,-40.00,200.00,-200.00,0.664010000,1.608050000,0.697780000,-47.95,201.99,-192.75
9,1565393116.972784520,3648237916.972784520,-40.00,200.00,-200.00,0.663040000,1.608210000,0.697640000,-47.95,201.99,-192.75
9,1565393117.974222660,3648237917.974222660,-40.00,200.00,-200.00,0.662970000,1.608410000,0.696910000,-47.95,201.99,-192.75
9,1565393118.974249840,3648237918.974249840,-40.00,200.00,-200.00,0.662360000,1.608450000,0.697200000,-47.95,201.99,-192.75
9,1565393119.973706720,3648237919.973706720,-40.00,200.00,-200.00,0.660200000,1.608910000,0.698230000,-47.95,201.99,-192.75
10,1565393154.482919220,3648237954.482919220,0.00,40.00,-200.00,1.588100000,0.876070000,1.037570000,-7.95,41.99,-192.75
10,1565393155.482586380,3648237955.482586380,0.00,40.00,-200.00,1.588160000,0.876070000,1.037490000,-7.95,41.99,-192.75
10,1565393156.482867240,3648237956.482867240,0.00,40.00,-200.00,1.587870000,0.875870000,1.037960000,-7.95,41.99,-192.75
10,1565393157.482896330,3648237957.482896330,0.00,40.00,-200.00,1.587890000,0.876020000,1.037780000,-7.95,41.99,-192.75
10,1565393158.482282160,3648237958.482282160,0.00,40.00,-200.00,1.587990000,0.876210000,1.037460000,-7.95,41.99,-192.75
11,1565393164.505375860,3648237964.505375860,0.00,80.00,-200.00,1.292060000,1.327750000,0.997160000,-7.95,81.99,-192.75
11,1565393165.505656720,3648237965.505656720,0.00,80.00,-200.00,1.292160000,1.327960000,0.996750000,-7.95,81.99,-192.75
11,1565393166.506158830,3648237966.506158830,0.00,80.00,-200.00,1.292160000,1.328030000,0.996670000,-7.95,81.99,-192.75
11,1565393167.505338670,3648237967.505338670,0.00,80.00,-200.00,1.292180000,1.328250000,0.996280000,-7.95,81.99,-192.75
11,1565393168.507268430,3648237968.507268430,0.00,80.00,-200.00,1.292080000,1.328300000,0.996360000,-7.95,81.99,-192.75
12,1565393172.793579580,3648237972.793579580,0.00,120.00,-200.00,1.125170000,1.510190000,0.874110000,-7.95,121.99,-192.75
12,1565393173.793710710,3648237973.793710710,0.00,120.00,-200.00,1.124990000,1.510230000,0.874520000,-7.95,121.99,-192.75
12,1565393174.794951920,3648237974.794951910,0.00,120.00,-200.00,1.124570000,1.510250000,0.874760000,-7.95,121.99,-192.75
12,1565393175.795070650,3648237975.795070650,0.00,120.00,-200.00,1.124650000,1.510350000,0.874330000,-7.95,121.99,-192.75
12,1565393176.794349190,3648237976.794349190,0.00,120.00,-200.00,1.124640000,1.510410000,0.874220000,-7.95,121.99,-192.75
13,1565393182.361545560,3648237982.361545560,0.00,160.00,-200.00,0.996800000,1.626320000,0.751600000,-7.95,161.99,-192.75
13,1565393183.361484530,3648237983.361484530,0.00,160.00,-200.00,0.989990000,1.629760000,0.751940000,-7.95,161.99,-192.75
13,1565393184.362039570,3648237984.362039560,0.00,160.00,-200.00,0.995590000,1.627120000,0.750900000,-7.95,161.99,-192.75
13,1565393185.362269880,3648237985.362269880,0.00,160.00,-200.00,0.997420000,1.625830000,0.751040000,-7.95,161.99,-192.75
13,1565393186.361554620,3648237986.361554620,0.00,160.00,-200.00,0.995910000,1.626680000,0.751290000,-7.95,161.99,-192.75
14,1565393192.025919910,3648237992.025919910,0.00,200.00,-200.00,0.881990000,1.729140000,0.638600000,-7.95,201.99,-192.75
14,1565393193.026869300,3648237993.026869300,0.00,200.00,-200.00,0.879740000,1.729830000,0.639160000,-7.95,201.99,-192.75
14,1565393194.026427270,3648237994.026427270,0.00,200.00,-200.00,0.879440000,1.729800000,0.639430000,-7.95,201.99,-192.75
14,1565393195.028059010,3648237995.028059000,0.00,200.00,-200.00,0.879530000,1.729750000,0.639750000,-7.95,201.99,-192.75
14,1565393196.027647490,3648237996.027647490,0.00,200.00,-200.00,0.878180000,1.729870000,0.640970000,-7.95,201.99,-192.75
15,1565393252.649402620,3648238052.649402620,40.00,40.00,-200.00,2.215700000,1.578510000,1.013870000,32.05,41.99,-192.75
15,1565393253.649885650,3648238053.649885650,40.00,40.00,-200.00,2.213900000,1.579780000,1.016170000,32.05,41.99,-192.75
15,1565393254.650483610,3648238054.650483610,40.00,40.00,-200.00,2.214000000,1.579970000,1.015670000,32.05,41.99,-192.75
15,1565393255.651305200,3648238055.651305200,40.00,40.00,-200.00,2.215800000,1.579070000,1.012890000,32.05,41.99,-192.75
15,1565393256.653268810,3648238056.653268810,40.00,40.00,-200.00,2.215700000,1.579080000,1.013010000,32.05,41.99,-192.75
16,1565393261.096793650,3648238061.096793650,40.00,80.00,-200.00,1.655650000,1.626990000,0.928010000,32.05,81.99,-192.75
16,1565393262.096828460,3648238062.096828460,40.00,80.00,-200.00,1.655140000,1.627210000,0.928380000,32.05,81.99,-192.75
16,1565393263.096392630,3648238063.096392630,40.00,80.00,-200.00,1.652660000,1.628500000,0.930470000,32.05,81.99,-192.75
16,1565393264.097776890,3648238064.097776890,40.00,80.00,-200.00,1.652440000,1.628420000,0.931070000,32.05,81.99,-192.75
16,1565393265.097993850,3648238065.097993850,40.00,80.00,-200.00,1.652460000,1.628480000,0.930970000,32.05,81.99,-192.75
17,1565393270.473310470,3648238070.473310470,40.00,120.00,-200.00,1.403290000,1.676540000,0.795590000,32.05,121.99,-192.75
17,1565393271.473676680,3648238071.473676680,40.00,120.00,-200.00,1.410690000,1.675930000,0.783740000,32.05,121.99,-192.75
17,1565393272.474341870,3648238072.474341870,40.00,120.00,-200.00,1.409310000,1.676380000,0.784780000,32.05,121.99,-192.75
17,1565393273.475529670,3648238073.475529670,40.00,120.00,-200.00,1.408020000,1.676660000,0.786180000,32.05,121.99,-192.75
17,1565393274.475896360,3648238074.475896360,40.00,120.00,-200.00,1.408840000,1.676750000,0.784310000,32.05,121.99,-192.75
18,1565393282.057048800,3648238082.057048800,40.00,160.00,-200.00,1.218120000,1.793980000,0.548240000,32.05,161.99,-192.75
18,1565393283.057256220,3648238083.057256220,40.00,160.00,-200.00,1.214910000,1.795920000,0.548860000,32.05,161.99,-192.75
18,1565393284.057067390,3648238084.057067390,40.00,160.00,-200.00,1.214230000,1.796140000,0.548430000,32.05,161.99,-192.75
18,1565393285.056652070,3648238085.056652070,40.00,160.00,-200.00,1.217330000,1.794720000,0.546780000,32.05,161.99,-192.75
18,1565393286.056290150,3648238086.056290150,40.00,160.00,-200.00,1.217520000,1.794720000,0.546320000,32.05,161.99,-192.75
19,1565393291.041379450,3648238091.041379450,40.00,200.00,-200.00,1.162170000,1.854110000,0.474900000,32.05,201.99,-192.75
19,1565393292.041463850,3648238092.041463850,40.00,200.00,-200.00,1.162340000,1.854110000,0.473860000,32.05,201.99,-192.75
19,1565393293.042086120,3648238093.042086120,40.00,200.00,-200.00,1.164110000,1.853390000,0.472280000,32.05,201.99,-192.75
19,1565393294.042070390,3648238094.042070390,40.00,200.00,-200.00,1.164250000,1.853390000,0.472340000,32.05,201.99,-192.75
19,1565393295.041794300,3648238095.041794300,40.00,200.00,-200.00,1.163430000,1.853650000,0.472870000,32.05,201.99,-192.75
20,1565393317.689222340,3648238117.689222330,80.00,40.00,-200.00,2.385800000,2.392500000,1.262100000,72.05,41.99,-192.75
20,1565393318.688883300,3648238118.688883300,80.00,40.00,-200.00,2.385700000,2.392500000,1.261430000,72.05,41.99,-192.75
20,1565393319.688952450,3648238119.688952440,80.00,40.00,-200.00,2.385600000,2.392700000,1.261080000,72.05,41.99,-192.75
20,1565393320.688851830,3648238120.688851830,80.00,40.00,-200.00,2.384800000,2.392700000,1.262940000,72.05,41.99,-192.75
20,1565393321.689031120,3648238121.689031120,80.00,40.00,-200.00,2.385600000,2.392500000,1.261680000,72.05,41.99,-192.75
21,1565393331.457435130,3648238131.457435130,80.00,80.00,-200.00,1.922100000,1.964700000,0.896240000,72.05,81.99,-192.75
21,1565393332.457379340,3648238132.457379340,80.00,80.00,-200.00,1.921900000,1.965100000,0.895600000,72.05,81.99,-192.75
21,1565393333.457373140,3648238133.457373140,80.00,80.00,-200.00,1.922000000,1.964900000,0.895910000,72.05,81.99,-192.75
21,1565393334.457350250,3648238134.457350250,80.00,80.00,-200.00,1.921500000,1.965200000,0.895770000,72.05,81.99,-192.75
21,1565393335.457330230,3648238135.457330230,80.00,80.00,-200.00,1.921700000,1.965500000,0.894950000,72.05,81.99,-192.75
22,1565393341.017377850,3648238141.017377850,80.00,120.00,-200.00,1.723300000,1.844200000,0.667750000,72.05,121.99,-192.75
22,1565393342.017795090,3648238142.017795080,80.00,120.00,-200.00,1.721580000,1.840500000,0.641080000,72.05,121.99,-192.75
22,1565393343.017778870,3648238143.017778870,80.00,120.00,-200.00,1.721310000,1.840600000,0.641390000,72.05,121.99,-192.75
22,1565393344.017341610,3648238144.017341610,80.00,120.00,-200.00,1.721550000,1.840600000,0.640620000,72.05,121.99,-192.75
22,1565393345.018054010,3648238145.018054010,80.00,120.00,-200.00,1.721370000,1.841000000,0.640030000,72.05,121.99,-192.75
23,1565393350.401595590,3648238150.401595590,80.00,160.00,-200.00,1.589740000,1.867700000,0.386770000,72.05,161.99,-192.75
23,1565393351.401291370,3648238151.401291370,80.00,160.00,-200.00,1.589300000,1.867900000,0.386860000,72.05,161.99,-192.75
23,1565393352.402620790,3648238152.402620790,80.00,160.00,-200.00,1.589720000,1.867700000,0.386260000,72.05,161.99,-192.75
23,1565393353.404043200,3648238153.404043200,80.00,160.00,-200.00,1.587700000,1.868700000,0.388390000,72.05,161.99,-192.75
23,1565393354.404854300,3648238154.404854300,80.00,160.00,-200.00,1.586410000,1.869500000,0.389880000,72.05,161.99,-192.75
24,1565393359.497087480,3648238159.497087480,80.00,200.00,-200.00,1.448230000,1.987700000,0.094019000,72.05,201.99,-192.75
24,1565393360.496975420,3648238160.496975420,80.00,200.00,-200.00,1.449490000,1.987200000,0.093434000,72.05,201.99,-192.75
24,1565393361.496969700,3648238161.496969700,80.00,200.00,-200.00,1.448740000,1.987500000,0.094317000,72.05,201.99,-192.75
24,1565393362.496940610,3648238162.496940610,80.00,200.00,-200.00,1.447220000,1.988400000,0.096086000,72.05,201.99,-192.75
24,1565393363.496776100,3648238163.496776100,80.00,200.00,-200.00,1.447560000,1.988300000,0.095765000,72.05,201.99,-192.75
25,1565393404.561375620,3648238204.561375620,120.00,40.00,-200.00,2.219700000,3.052800000,1.112530000,112.05,41.99,-192.75
25,1565393405.563251970,3648238205.563251970,120.00,40.00,-200.00,2.219600000,3.052600000,1.112660000,112.05,41.99,-192.75
25,1565393406.562799450,3648238206.562799450,120.00,40.00,-200.00,2.219400000,3.053000000,1.112760000,112.05,41.99,-192.75
25,1565393407.563002110,3648238207.563002110,120.00,40.00,-200.00,2.219000000,3.053200000,1.113020000,112.05,41.99,-192.75
25,1565393408.563136100,3648238208.563136100,120.00,40.00,-200.00,2.216800000,3.054100000,1.115490000,112.05,41.99,-192.75
26,1565393413.441644190,3648238213.441644190,120.00,80.00,-200.00,2.130600000,2.180600000,0.627790000,112.05,81.99,-192.75
26,1565393414.441895010,3648238214.441895010,120.00,80.00,-200.00,2.130600000,2.180800000,0.627270000,112.05,81.99,-192.75
26,1565393415.442087650,3648238215.442087650,120.00,80.00,-200.00,2.131500000,2.180300000,0.625930000,112.05,81.99,-192.75
26,1565393416.442077160,3648238216.442077160,120.00,80.00,-200.00,2.130400000,2.181000000,0.627290000,112.05,81.99,-192.75
26,1565393417.441613200,3648238217.441613200,120.00,80.00,-200.00,2.130300000,2.181100000,0.627050000,112.05,81.99,-192.75
27,1565393424.689242360,3648238224.689242360,120.00,120.00,-200.00,2.033400000,1.977900000,0.382020000,112.05,121.99,-192.75
27,1565393425.688545230,3648238225.688545230,120.00,120.00,-200.00,2.032800000,1.978300000,0.382470000,112.05,121.99,-192.75
27,1565393426.689148430,3648238226.689148420,120.00,120.00,-200.00,2.032100000,1.978600000,0.382980000,112.05,121.99,-192.75
27,1565393427.688980100,3648238227.688980100,120.00,120.00,-200.00,2.032200000,1.978600000,0.382470000,112.05,121.99,-192.75
27,1565393428.688586230,3648238228.688586230,120.00,120.00,-200.00,2.031500000,1.979000000,0.382690000,112.05,121.99,-192.75
28,1565393434.953449730,3648238234.953449720,120.00,160.00,-200.00,1.875100000,2.082300000,0.176210000,112.05,161.99,-192.75
28,1565393435.953801630,3648238235.953801630,120.00,160.00,-200.00,1.875000000,2.082300000,0.176149000,112.05,161.99,-192.75
28,1565393436.953743930,3648238236.953743930,120.00,160.00,-200.00,1.874400000,2.082400000,0.176078000,112.05,161.99,-192.75
28,1565393437.955153940,3648238237.955153940,120.00,160.00,-200.00,1.873400000,2.082500000,0.175846000,112.05,161.99,-192.75
28,1565393438.954696180,3648238238.954696180,120.00,160.00,-200.00,1.873100000,2.082500000,0.175465000,112.05,161.99,-192.75
29,1565393443.697735310,3648238243.697735310,120.00,200.00,-200.00,1.336230000,2.389100000,-0.153221000,112.05,201.99,-192.75
29,1565393444.697365760,3648238244.697365760,120.00,200.00,-200.00,1.337870000,2.388700000,-0.153926000,112.05,201.99,-192.75
29,1565393445.697469230,3648238245.697469230,120.00,200.00,-200.00,1.340700000,2.383900000,-0.156442000,112.05,201.99,-192.75
29,1565393446.697534080,3648238246.697534080,120.00,200.00,-200.00,1.341010000,2.384000000,-0.154295000,112.05,201.99,-192.75
29,1565393447.697346210,3648238247.697346210,120.00,200.00,-200.00,1.340660000,2.383500000,-0.155037000,112.05,201.99,-192.75
30,1565393504.513764380,3648238304.513764380,120.00,40.00,-160.00,1.861520000,3.513600000,0.452930000,112.05,41.99,-152.75
30,1565393505.513596530,3648238305.513596530,120.00,40.00,-160.00,1.859890000,3.514800000,0.455100000,112.05,41.99,-152.75
30,1565393506.513702870,3648238306.513702870,120.00,40.00,-160.00,1.860150000,3.515100000,0.464720000,112.05,41.99,-152.75
30,1565393507.514153960,3648238307.514153960,120.00,40.00,-160.00,1.860410000,3.515800000,0.454340000,112.05,41.99,-152.75
30,1565393508.513844490,3648238308.513844490,120.00,40.00,-160.00,1.860130000,3.516000000,0.454820000,112.05,41.99,-152.75
31,1565393513.721733090,3648238313.721733090,120.00,80.00,-160.00,1.666890000,2.430100000,0.169560000,112.05,81.99,-152.75
31,1565393514.721516130,3648238314.721516130,120.00,80.00,-160.00,1.665980000,2.430600000,0.169909000,112.05,81.99,-152.75
31,1565393515.722047810,3648238315.722047800,120.00,80.00,-160.00,1.665860000,2.430900000,0.169305000,112.05,81.99,-152.75
31,1565393516.721366400,3648238316.721366400,120.00,80.00,-160.00,1.665700000,2.431000000,0.169047000,112.05,81.99,-152.75
31,1565393517.721651080,3648238317.721651080,120.00,80.00,-160.00,1.665710000,2.431100000,0.168617000,112.05,81.99,-152.75
32,1565393526.465686320,3648238326.465686320,120.00,120.00,-160.00,1.617900000,2.139400000,-0.015307000,112.05,121.99,-152.75
32,1565393527.467224120,3648238327.467224120,120.00,120.00,-160.00,1.618380000,2.139400000,-0.017716000,112.05,121.99,-152.75
32,1565393528.467006680,3648238328.467006680,120.00,120.00,-160.00,1.617950000,2.139700000,-0.015178000,112.05,121.99,-152.75
32,1565393529.467259410,3648238329.467259410,120.00,120.00,-160.00,1.615790000,2.141200000,-0.012282000,112.05,121.99,-152.75
32,1565393530.466370580,3648238330.466370580,120.00,120.00,-160.00,1.615830000,2.141200000,-0.012793000,112.05,121.99,-152.75
33,1565393535.202054980,3648238335.202054980,120.00,160.00,-160.00,1.581730000,2.209600000,-0.159979000,112.05,161.99,-152.75
33,1565393536.201376440,3648238336.201376440,120.00,160.00,-160.00,1.575670000,2.212700000,-0.154797000,112.05,161.99,-152.75
33,1565393537.201818470,3648238337.201818460,120.00,160.00,-160.00,1.573870000,2.213800000,-0.153844000,112.05,161.99,-152.75
33,1565393538.201532840,3648238338.201532840,120.00,160.00,-160.00,1.573470000,2.213900000,-0.154095000,112.05,161.99,-152.75
33,1565393539.201392170,3648238339.201392170,120.00,160.00,-160.00,1.575290000,2.213500000,-0.155479000,112.05,161.99,-152.75
34,1565393546.888784410,3648238346.888784410,120.00,200.00,-160.00,1.206160000,2.505300000,-0.147742000,112.05,201.99,-152.75
34,1565393547.889086720,3648238347.889086720,120.00,200.00,-160.00,1.206900000,2.505600000,-0.143799000,112.05,201.99,-152.75
34,1565393548.888881680,3648238348.888881680,120.00,200.00,-160.00,1.207130000,2.505500000,-0.138924000,112.05,201.99,-152.75
34,1565393549.888846400,3648238349.888846400,120.00,200.00,-160.00,1.206840000,2.505500000,-0.138016000,112.05,201.99,-152.75
34,1565393550.888318540,3648238350.888318540,120.00,200.00,-160.00,1.208010000,2.505700000,-0.136978000,112.05,201.99,-152.75
35,1565393578.073745250,3648238378.073745250,80.00,40.00,-160.00,2.405100000,2.612000000,0.642380000,72.05,41.99,-152.75
35,1565393579.074234960,3648238379.074234960,80.00,40.00,-160.00,2.405200000,2.612000000,0.642180000,72.05,41.99,-152.75
35,1565393580.075018880,3648238380.075018880,80.00,40.00,-160.00,2.406100000,2.612000000,0.638460000,72.05,41.99,-152.75
35,1565393581.074578760,3648238381.074578760,80.00,40.00,-160.00,2.405600000,2.612100000,0.640340000,72.05,41.99,-152.75
35,1565393582.074794290,3648238382.074794290,80.00,40.00,-160.00,2.405300000,2.612200000,0.641490000,72.05,41.99,-152.75
36,1565393586.513139720,3648238386.513139720,80.00,80.00,-160.00,1.736540000,2.171500000,0.512110000,72.05,81.99,-152.75
36,1565393587.513148780,3648238387.513148780,80.00,80.00,-160.00,1.735730000,2.171800000,0.511470000,72.05,81.99,-152.75
36,1565393588.512450220,3648238388.512450220,80.00,80.00,-160.00,1.735880000,2.171700000,0.511660000,72.05,81.99,-152.75
36,1565393589.512832160,3648238389.512832160,80.00,80.00,-160.00,1.735440000,2.171900000,0.512120000,72.05,81.99,-152.75
36,1565393590.512338160,3648238390.512338160,80.00,80.00,-160.00,1.735450000,2.171900000,0.512120000,72.05,81.99,-152.75
37,1565393600.033689500,3648238400.033689500,80.00,120.00,-160.00,1.465610000,2.020500000,0.375100000,72.05,121.99,-152.75
37,1565393601.033961770,3648238401.033961770,80.00,120.00,-160.00,1.467130000,2.019800000,0.372920000,72.05,121.99,-152.75
37,1565393602.033452510,3648238402.033452510,80.00,120.00,-160.00,1.466470000,2.020300000,0.372420000,72.05,121.99,-152.75
37,1565393603.034183500,3648238403.034183500,80.00,120.00,-160.00,1.467380000,2.020200000,0.369160000,72.05,121.99,-152.75
37,1565393604.033800120,3648238404.033800120,80.00,120.00,-160.00,1.463040000,2.022500000,0.374740000,72.05,121.99,-152.75
38,1565393609.849673270,3648238409.849673270,80.00,160.00,-160.00,1.285620000,2.048300000,0.251520000,72.05,161.99,-152.75
38,1565393610.850978370,3648238410.850978370,80.00,160.00,-160.00,1.285410000,2.048400000,0.251330000,72.05,161.99,-152.75
38,1565393611.852137570,3648238411.852137560,80.00,160.00,-160.00,1.285570000,2.048400000,0.251020000,72.05,161.99,-152.75
38,1565393612.852105140,3648238412.852105140,80.00,160.00,-160.00,1.285600000,2.048400000,0.250700000,72.05,161.99,-152.75
38,1565393613.851890560,3648238413.851890560,80.00,160.00,-160.00,1.285350000,2.048400000,0.251160000,72.05,161.99,-152.75
39,1565393618.752879620,3648238418.752879620,80.00,200.00,-160.00,1.076580000,2.164200000,0.150262000,72.05,201.99,-152.75
39,1565393619.753137110,3648238419.753137110,80.00,200.00,-160.00,1.075580000,2.164600000,0.149843000,72.05,201.99,-152.75
39,1565393620.753795620,3648238420.753795620,80.00,200.00,-160.00,1.074770000,2.164600000,0.150145000,72.05,201.99,-152.75
39,1565393621.754260060,3648238421.754260060,80.00,200.00,-160.00,1.073810000,2.164900000,0.151347000,72.05,201.99,-152.75
39,1565393622.753330230,3648238422.753330230,80.00,200.00,-160.00,1.072130000,2.165500000,0.151954000,72.05,201.99,-152.75
40,1565393651.825401310,3648238451.825401300,40.00,40.00,-160.00,2.210600000,1.558020000,0.817720000,32.05,41.99,-152.75
40,1565393652.827037810,3648238452.827037810,40.00,40.00,-160.00,2.209500000,1.558790000,0.819580000,32.05,41.99,-152.75
40,1565393653.826536180,3648238453.826536180,40.00,40.00,-160.00,2.210400000,1.558220000,0.817970000,32.05,41.99,-152.75
40,1565393654.826368810,3648238454.826368810,40.00,40.00,-160.00,2.210800000,1.558300000,0.816690000,32.05,41.99,-152.75
40,1565393655.826456070,3648238455.826456070,40.00,40.00,-160.00,2.210700000,1.558570000,0.816160000,32.05,41.99,-152.75
41,1565393660.793083190,3648238460.793083190,40.00,80.00,-160.00,1.572060000,1.736140000,0.724750000,32.05,81.99,-152.75
41,1565393661.792493820,3648238461.792493820,40.00,80.00,-160.00,1.570260000,1.737580000,0.721270000,32.05,81.99,-152.75
41,1565393662.794154640,3648238462.794154640,40.00,80.00,-160.00,1.570080000,1.739180000,0.717660000,32.05,81.99,-152.75
41,1565393663.793326380,3648238463.793326380,40.00,80.00,-160.00,1.569940000,1.739530000,0.717030000,32.05,81.99,-152.75
41,1565393664.794921870,3648238464.794921870,40.00,80.00,-160.00,1.569570000,1.737080000,0.723990000,32.05,81.99,-152.75
42,1565393671.545439240,3648238471.545439240,40.00,120.00,-160.00,1.288250000,1.800970000,0.597180000,32.05,121.99,-152.75
42,1565393672.545598030,3648238472.545598030,40.00,120.00,-160.00,1.292280000,1.800120000,0.592990000,32.05,121.99,-152.75
42,1565393673.545502660,3648238473.545502660,40.00,120.00,-160.00,1.290950000,1.799900000,0.595930000,32.05,121.99,-152.75
42,1565393674.545677180,3648238474.545677180,40.00,120.00,-160.00,1.288330000,1.800840000,0.598660000,32.05,121.99,-152.75
42,1565393675.545591830,3648238475.545591830,40.00,120.00,-160.00,1.288720000,1.800910000,0.597810000,32.05,121.99,-152.75
43,1565393680.793327330,3648238480.793327330,40.00,160.00,-160.00,1.112750000,1.872110000,0.479270000,32.05,161.99,-152.75
43,1565393681.793451310,3648238481.793451310,40.00,160.00,-160.00,1.114190000,1.871390000,0.478960000,32.05,161.99,-152.75
43,1565393682.794928550,3648238482.794928550,40.00,160.00,-160.00,1.114060000,1.871530000,0.478380000,32.05,161.99,-152.75
43,1565393683.794402120,3648238483.794402120,40.00,160.00,-160.00,1.113620000,1.871650000,0.478520000,32.05,161.99,-152.75
43,1565393684.796034810,3648238484.796034810,40.00,160.00,-160.00,1.112790000,1.871940000,0.479210000,32.05,161.99,-152.75
44,1565393690.969629760,3648238490.969629760,40.00,200.00,-160.00,0.960890000,1.965140000,0.379830000,32.05,201.99,-152.75
44,1565393691.969685080,3648238491.969685080,40.00,200.00,-160.00,0.959400000,1.965620000,0.380280000,32.05,201.99,-152.75
44,1565393692.971141810,3648238492.971141810,40.00,200.00,-160.00,0.957880000,1.966040000,0.380740000,32.05,201.99,-152.75
44,1565393693.970413680,3648238493.970413680,40.00,200.00,-160.00,0.958010000,1.966030000,0.380510000,32.05,201.99,-152.75
44,1565393694.971222400,3648238494.971222400,40.00,200.00,-160.00,0.958950000,1.965580000,0.380540000,32.05,201.99,-152.75
45,1565393807.360917090,3648238607.360917090,0.00,40.00,-160.00,1.423320000,0.885630000,0.971270000,-7.95,41.99,-152.75
45,1565393808.362100120,3648238608.362100120,0.00,40.00,-160.00,1.418260000,0.886410000,0.978220000,-7.95,41.99,-152.75
45,1565393809.361328600,3648238609.361328600,0.00,40.00,-160.00,1.418200000,0.886380000,0.978290000,-7.95,41.99,-152.75
45,1565393810.361784930,3648238610.361784930,0.00,40.00,-160.00,1.418340000,0.886170000,0.978300000,-7.95,41.99,-152.75
45,1565393811.361798760,3648238611.361798760,0.00,40.00,-160.00,1.418210000,0.886280000,0.978240000,-7.95,41.99,-152.75
46,1565393818.945475100,3648238618.945475100,0.00,80.00,-160.00,1.184070000,1.457050000,0.834730000,-7.95,81.99,-152.75
46,1565393819.945740700,3648238619.945740700,0.00,80.00,-160.00,1.183880000,1.457040000,0.834960000,-7.95,81.99,-152.75
46,1565393820.945308210,3648238620.945308210,0.00,80.00,-160.00,1.183860000,1.457140000,0.834800000,-7.95,81.99,-152.75
46,1565393821.947174550,3648238621.947174550,0.00,80.00,-160.00,1.183030000,1.457640000,0.834960000,-7.95,81.99,-152.75
46,1565393822.946329120,3648238622.946329120,0.00,80.00,-160.00,1.181750000,1.458590000,0.834950000,-7.95,81.99,-152.75
47,1565393833.481639860,3648238633.481639860,0.00,120.00,-160.00,1.027650000,1.635420000,0.707870000,-7.95,121.99,-152.75
47,1565393834.481814380,3648238634.481814380,0.00,120.00,-160.00,1.028110000,1.635410000,0.707410000,-7.95,121.99,-152.75
47,1565393835.481457230,3648238635.481457230,0.00,120.00,-160.00,1.027800000,1.635400000,0.707880000,-7.95,121.99,-152.75
47,1565393836.481730460,3648238636.481730460,0.00,120.00,-160.00,1.028290000,1.635180000,0.708030000,-7.95,121.99,-152.75
47,1565393837.482215400,3648238637.482215400,0.00,120.00,-160.00,1.028420000,1.635110000,0.708060000,-7.95,121.99,-152.75
48,1565393844.465768810,3648238644.465768810,0.00,160.00,-160.00,0.893160000,1.735090000,0.599630000,-7.95,161.99,-152.75
48,1565393845.467241760,3648238645.467241760,0.00,160.00,-160.00,0.890130000,1.736530000,0.599140000,-7.95,161.99,-152.75
48,1565393846.466889380,3648238646.466889380,0.00,160.00,-160.00,0.890060000,1.736680000,0.598710000,-7.95,161.99,-152.75
48,1565393847.466674800,3648238647.466674800,0.00,160.00,-160.00,0.889040000,1.736800000,0.599420000,-7.95,161.99,-152.75
48,1565393848.467147830,3648238648.467147830,0.00,160.00,-160.00,0.888540000,1.737030000,0.599180000,-7.95,161.99,-152.75
49,1565393855.793478490,3648238655.793478490,0.00,200.00,-160.00,0.762780000,1.820550000,0.511580000,-7.95,201.99,-152.75
49,1565393856.793705940,3648238656.793705940,0.00,200.00,-160.00,0.762150000,1.820480000,0.512170000,-7.95,201.99,-152.75
49,1565393857.794033050,3648238657.794033050,0.00,200.00,-160.00,0.765000000,1.820210000,0.508500000,-7.95,201.99,-152.75
49,1565393858.793375010,3648238658.793375010,0.00,200.00,-160.00,0.762140000,1.820640000,0.509400000,-7.95,201.99,-152.75
49,1565393859.794557570,3648238659.794557570,0.00,200.00,-160.00,0.759920000,1.820880000,0.511400000,-7.95,201.99,-152.75
50,1565393923.625072480,3648238723.625072480,-40.00,40.00,-160.00,0.627150000,1.049630000,1.172510000,-47.95,41.99,-152.75
50,1565393924.624554630,3648238724.624554630,-40.00,40.00,-160.00,0.634360000,1.048290000,1.169400000,-47.95,41.99,-152.75
50,1565393925.624331950,3648238725.624331950,-40.00,40.00,-160.00,0.628260000,1.049730000,1.171180000,-47.95,41.99,-152.75
50,1565393926.624378200,3648238726.624378200,-40.00,40.00,-160.00,0.628260000,1.054180000,1.167110000,-47.95,41.99,-152.75
50,1565393927.624368190,3648238727.624368190,-40.00,40.00,-160.00,0.628820000,1.057120000,1.164050000,-47.95,41.99,-152.75
51,1565393933.777589800,3648238733.777589800,-40.00,80.00,-160.00,0.834800000,1.387670000,0.935130000,-47.95,81.99,-152.75
51,1565393934.778024200,3648238734.778024200,-40.00,80.00,-160.00,0.835600000,1.386840000,0.935580000,-47.95,81.99,-152.75
51,1565393935.777839660,3648238735.777839660,-40.00,80.00,-160.00,0.837040000,1.386680000,0.934550000,-47.95,81.99,-152.75
51,1565393936.777299880,3648238736.777299880,-40.00,80.00,-160.00,0.837040000,1.386600000,0.934660000,-47.95,81.99,-152.75
51,1565393937.777310370,3648238737.777310370,-40.00,80.00,-160.00,0.837100000,1.386630000,0.934520000,-47.95,81.99,-152.75
52,1565393942.265090940,3648238742.265090940,-40.00,120.00,-160.00,0.812390000,1.525820000,0.784380000,-47.95,121.99,-152.75
52,1565393943.265132430,3648238743.265132430,-40.00,120.00,-160.00,0.811860000,1.526040000,0.784410000,-47.95,121.99,-152.75
52,1565393944.265552040,3648238744.265552040,-40.00,120.00,-160.00,0.811510000,1.526260000,0.784100000,-47.95,121.99,-152.75
52,1565393945.265873910,3648238745.265873910,-40.00,120.00,-160.00,0.811060000,1.526370000,0.784260000,-47.95,121.99,-152.75
52,1565393946.265324590,3648238746.265324590,-40.00,120.00,-160.00,0.809840000,1.526750000,0.784780000,-47.95,121.99,-152.75
53,1565393952.649788860,3648238752.649788860,-40.00,160.00,-160.00,0.724940000,1.618720000,0.671180000,-47.95,161.99,-152.75
53,1565393953.649677750,3648238753.649677750,-40.00,160.00,-160.00,0.721930000,1.619170000,0.673470000,-47.95,161.99,-152.75
53,1565393954.649811270,3648238754.649811270,-40.00,160.00,-160.00,0.721530000,1.619270000,0.673120000,-47.95,161.99,-152.75
53,1565393955.651059150,3648238755.651059150,-40.00,160.00,-160.00,0.720890000,1.619280000,0.673700000,-47.95,161.99,-152.75
53,1565393956.651685710,3648238756.651685710,-40.00,160.00,-160.00,0.720820000,1.619240000,0.673830000,-47.95,161.99,-152.75
54,1565393961.416557310,3648238761.416557310,-40.00,200.00,-160.00,0.621010000,1.697710000,0.582830000,-47.95,201.99,-152.75
54,1565393962.417681220,3648238762.417681220,-40.00,200.00,-160.00,0.619460000,1.697850000,0.583090000,-47.95,201.99,-152.75
54,1565393963.417542930,3648238763.417542930,-40.00,200.00,-160.00,0.619540000,1.697840000,0.583300000,-47.95,201.99,-152.75
54,1565393964.419077400,3648238764.419077400,-40.00,200.00,-160.00,0.618810000,1.698050000,0.583340000,-47.95,201.99,-152.75
54,1565393965.419015880,3648238765.419015880,-40.00,200.00,-160.00,0.620490000,1.697780000,0.582800000,-47.95,201.99,-152.75
55,1565394007.209119800,3648238807.209119800,-80.00,40.00,-160.00,0.509310000,1.568800000,1.271260000,-87.95,41.99,-152.75
55,1565394008.208552840,3648238808.208552840,-80.00,40.00,-160.00,0.510380000,1.568650000,1.270930000,-87.95,41.99,-152.75
55,1565394009.208899020,3648238809.208899020,-80.00,40.00,-160.00,0.509970000,1.569650000,1.269510000,-87.95,41.99,-152.75
55,1565394010.210024830,3648238810.210024830,-80.00,40.00,-160.00,0.511310000,1.571250000,1.266800000,-87.95,41.99,-152.75
55,1565394011.209427830,3648238811.209427830,-80.00,40.00,-160.00,0.508830000,1.571650000,1.267490000,-87.95,41.99,-152.75
56,1565394015.025038720,3648238815.025038720,-80.00,80.00,-160.00,0.628790000,1.450030000,0.970850000,-87.95,81.99,-152.75
56,1565394016.026237010,3648238816.026237010,-80.00,80.00,-160.00,0.628630000,1.449930000,0.971290000,-87.95,81.99,-152.75
56,1565394017.026260380,3648238817.026260380,-80.00,80.00,-160.00,0.629830000,1.449510000,0.971610000,-87.95,81.99,-152.75
56,1565394018.026590350,3648238818.026590350,-80.00,80.00,-160.00,0.629860000,1.449680000,0.971280000,-87.95,81.99,-152.75
56,1565394019.028052330,3648238819.028052330,-80.00,80.00,-160.00,0.629980000,1.449650000,0.971120000,-87.95,81.99,-152.75
57,1565394026.441331860,3648238826.441331860,-80.00,120.00,-160.00,0.602410000,1.470010000,0.810990000,-87.95,121.99,-152.75
57,1565394027.441546920,3648238827.441546920,-80.00,120.00,-160.00,0.602430000,1.469940000,0.811100000,-87.95,121.99,-152.75
57,1565394028.441617490,3648238828.441617490,-80.00,120.00,-160.00,0.603000000,1.469980000,0.810530000,-87.95,121.99,-152.75
57,1565394029.442018030,3648238829.442018030,-80.00,120.00,-160.00,0.602390000,1.469940000,0.811160000,-87.95,121.99,-152.75
57,1565394030.441586970,3648238830.441586970,-80.00,120.00,-160.00,0.603710000,1.470120000,0.809610000,-87.95,121.99,-152.75
58,1565394038.153069500,3648238838.153069500,-80.00,160.00,-160.00,0.522630000,1.527440000,0.703120000,-87.95,161.99,-152.75
58,1565394039.152706620,3648238839.152706620,-80.00,160.00,-160.00,0.522440000,1.527490000,0.702950000,-87.95,161.99,-152.75
58,1565394040.153712750,3648238840.153712750,-80.00,160.00,-160.00,0.522420000,1.527530000,0.702630000,-87.95,161.99,-152.75
58,1565394041.153824330,3648238841.153824330,-80.00,160.00,-160.00,0.522420000,1.527480000,0.702610000,-87.95,161.99,-152.75
58,1565394042.153546810,3648238842.153546810,-80.00,160.00,-160.00,0.522290000,1.527440000,0.702910000,-87.95,161.99,-152.75
59,1565394046.577343460,3648238846.577343460,-80.00,200.00,-160.00,0.436990000,1.591480000,0.617120000,-87.95,201.99,-152.75
59,1565394047.577503200,3648238847.577503200,-80.00,200.00,-160.00,0.437430000,1.591270000,0.615960000,-87.95,201.99,-152.75
59,1565394048.578089710,3648238848.578089710,-80.00,200.00,-160.00,0.437840000,1.591160000,0.616150000,-87.95,201.99,-152.75
59,1565394049.578232290,3648238849.578232290,-80.00,200.00,-160.00,0.436100000,1.591450000,0.616990000,-87.95,201.99,-152.75
59,1565394050.578244690,3648238850.578244680,-80.00,200.00,-160.00,0.435790000,1.591570000,0.616860000,-87.95,201.99,-152.75
60,1565394111.913460730,3648238911.913460730,-80.00,40.00,-120.00,0.516290000,1.979450000,1.145110000,-87.95,41.99,-112.75
60,1565394112.913862230,3648238912.913862230,-80.00,40.00,-120.00,0.516460000,1.979430000,1.145070000,-87.95,41.99,-112.75
60,1565394113.914840700,3648238913.914840700,-80.00,40.00,-120.00,0.518720000,1.979120000,1.144480000,-87.95,41.99,-112.75
60,1565394114.915380480,3648238914.915380480,-80.00,40.00,-120.00,0.518820000,1.979080000,1.144560000,-87.95,41.99,-112.75
60,1565394115.915817260,3648238915.915817260,-80.00,40.00,-120.00,0.518460000,1.978980000,1.145020000,-87.95,41.99,-112.75
61,1565394122.129485130,3648238922.129485130,-80.00,80.00,-120.00,0.639610000,1.649780000,0.882300000,-87.95,81.99,-112.75
61,1565394123.129745480,3648238923.129745480,-80.00,80.00,-120.00,0.639340000,1.650060000,0.881960000,-87.95,81.99,-112.75
61,1565394124.131272320,3648238924.131272320,-80.00,80.00,-120.00,0.639360000,1.650230000,0.881540000,-87.95,81.99,-112.75
61,1565394125.130685810,3648238925.130685810,-80.00,80.00,-120.00,0.639260000,1.650270000,0.881570000,-87.95,81.99,-112.75
61,1565394126.131924630,3648238926.131924630,-80.00,80.00,-120.00,0.638610000,1.650360000,0.881960000,-87.95,81.99,-112.75
62,1565394131.649419310,3648238931.649419310,-80.00,120.00,-120.00,0.604130000,1.591890000,0.735390000,-87.95,121.99,-112.75
62,1565394132.649631980,3648238932.649631980,-80.00,120.00,-120.00,0.602980000,1.592190000,0.735990000,-87.95,121.99,-112.75
62,1565394133.649789330,3648238933.649789330,-80.00,120.00,-120.00,0.602710000,1.592260000,0.736290000,-87.95,121.99,-112.75
62,1565394134.650253770,3648238934.650253770,-80.00,120.00,-120.00,0.602670000,1.592180000,0.736510000,-87.95,121.99,-112.75
62,1565394135.649425030,3648238935.649425030,-80.00,120.00,-120.00,0.602850000,1.592110000,0.736500000,-87.95,121.99,-112.75
63,1565394142.560945990,3648238942.560945990,-80.00,160.00,-120.00,0.519740000,1.615760000,0.638740000,-87.95,161.99,-112.75
63,1565394143.560751440,3648238943.560751440,-80.00,160.00,-120.00,0.517000000,1.616420000,0.639010000,-87.95,161.99,-112.75
63,1565394144.560500140,3648238944.560500140,-80.00,160.00,-120.00,0.516710000,1.616530000,0.638930000,-87.95,161.99,-112.75
63,1565394145.560286520,3648238945.560286520,-80.00,160.00,-120.00,0.516420000,1.616630000,0.638980000,-87.95,161.99,-112.75
63,1565394146.561024190,3648238946.561024190,-80.00,160.00,-120.00,0.517480000,1.616470000,0.638380000,-87.95,161.99,-112.75
64,1565394152.040570740,3648238952.040570740,-80.00,200.00,-120.00,0.426440000,1.664740000,0.562650000,-87.95,201.99,-112.75
64,1565394153.040589330,3648238953.040589330,-80.00,200.00,-120.00,0.426650000,1.664920000,0.561590000,-87.95,201.99,-112.75
64,1565394154.040940280,3648238954.040940280,-80.00,200.00,-120.00,0.427000000,1.664910000,0.561760000,-87.95,201.99,-112.75
64,1565394155.041986460,3648238955.041986460,-80.00,200.00,-120.00,0.426810000,1.664960000,0.561520000,-87.95,201.99,-112.75
64,1565394156.041568760,3648238956.041568760,-80.00,200.00,-120.00,0.426640000,1.664930000,0.561760000,-87.95,201.99,-112.75
65,1565394182.833152290,3648238982.833152290,-40.00,40.00,-120.00,0.510490000,1.455500000,1.114560000,-47.95,41.99,-112.75
65,1565394183.833062170,3648238983.833062170,-40.00,40.00,-120.00,0.510450000,1.455700000,1.114300000,-47.95,41.99,-112.75
65,1565394184.832391260,3648238984.832391260,-40.00,40.00,-120.00,0.509920000,1.455690000,1.114570000,-47.95,41.99,-112.75
65,1565394185.832458020,3648238985.832458020,-40.00,40.00,-120.00,0.507450000,1.455830000,1.115480000,-47.95,41.99,-112.75
65,1565394186.833008290,3648238986.833008290,-40.00,40.00,-120.00,0.509000000,1.455800000,1.114770000,-47.95,41.99,-112.75
66,1565394192.849594590,3648238992.849594590,-40.00,80.00,-120.00,0.755000000,1.585270000,0.827870000,-47.95,81.99,-112.75
66,1565394193.849326610,3648238993.849326610,-40.00,80.00,-120.00,0.757350000,1.584910000,0.826310000,-47.95,81.99,-112.75
66,1565394194.851027490,3648238994.851027490,-40.00,80.00,-120.00,0.758160000,1.584850000,0.825650000,-47.95,81.99,-112.75
66,1565394195.850680350,3648238995.850680350,-40.00,80.00,-120.00,0.759660000,1.584750000,0.824360000,-47.95,81.99,-112.75
66,1565394196.850460050,3648238996.850460050,-40.00,80.00,-120.00,0.757370000,1.584800000,0.826390000,-47.95,81.99,-112.75
67,1565394203.704972270,3648239003.704972270,-40.00,120.00,-120.00,0.743910000,1.649490000,0.682430000,-47.95,121.99,-112.75
67,1565394204.704784390,3648239004.704784390,-40.00,120.00,-120.00,0.743600000,1.649480000,0.682810000,-47.95,121.99,-112.75
67,1565394205.706129070,3648239005.706129070,-40.00,120.00,-120.00,0.747710000,1.649420000,0.678040000,-47.95,121.99,-112.75
67,1565394206.706267830,3648239006.706267830,-40.00,120.00,-120.00,0.743180000,1.649640000,0.682830000,-47.95,121.99,-112.75
67,1565394207.706790450,3648239007.706790450,-40.00,120.00,-120.00,0.735950000,1.650150000,0.689770000,-47.95,121.99,-112.75
68,1565394220.209006310,3648239020.209006310,-40.00,160.00,-120.00,0.656830000,1.708930000,0.589180000,-47.95,161.99,-112.75
68,1565394221.208588120,3648239021.208588120,-40.00,160.00,-120.00,0.657040000,1.708970000,0.588840000,-47.95,161.99,-112.75
68,1565394222.210224630,3648239022.210224630,-40.00,160.00,-120.00,0.657360000,1.708970000,0.588580000,-47.95,161.99,-112.75
68,1565394223.209625720,3648239023.209625720,-40.00,160.00,-120.00,0.658440000,1.708720000,0.588160000,-47.95,161.99,-112.75
68,1565394224.209405420,3648239024.209405420,-40.00,160.00,-120.00,0.658320000,1.708700000,0.588380000,-47.95,161.99,-112.75
69,1565394231.257135870,3648239031.257135870,-40.00,200.00,-120.00,0.558180000,1.768670000,0.515860000,-47.95,201.99,-112.75
69,1565394232.257099630,3648239032.257099630,-40.00,200.00,-120.00,0.558010000,1.768690000,0.515590000,-47.95,201.99,-112.75
69,1565394233.257102490,3648239033.257102490,-40.00,200.00,-120.00,0.557830000,1.768650000,0.515930000,-47.95,201.99,-112.75
69,1565394234.256419660,3648239034.256419660,-40.00,200.00,-120.00,0.557810000,1.768720000,0.515630000,-47.95,201.99,-112.75
69,1565394235.256541250,3648239035.256541250,-40.00,200.00,-120.00,0.557420000,1.768620000,0.516470000,-47.95,201.99,-112.75
70,1565394279.337486270,3648239079.337486270,0.00,40.00,-120.00,1.176330000,1.205990000,0.969230000,-7.95,41.99,-112.75
70,1565394280.337621690,3648239080.337621690,0.00,40.00,-120.00,1.176460000,1.206050000,0.968930000,-7.95,41.99,-112.75
70,1565394281.339215760,3648239081.339215750,0.00,40.00,-120.00,1.176530000,1.206000000,0.968980000,-7.95,41.99,-112.75
70,1565394282.339272980,3648239082.339272980,0.00,40.00,-120.00,1.176580000,1.205990000,0.968910000,-7.95,41.99,-112.75
70,1565394283.338349820,3648239083.338349820,0.00,40.00,-120.00,1.176270000,1.205190000,0.970430000,-7.95,41.99,-112.75
71,1565394288.672748090,3648239088.672748090,0.00,80.00,-120.00,1.036910000,1.606970000,0.710040000,-7.95,81.99,-112.75
71,1565394289.674240110,3648239089.674240110,0.00,80.00,-120.00,1.037810000,1.606810000,0.709220000,-7.95,81.99,-112.75
71,1565394290.673381800,3648239090.673381800,0.00,80.00,-120.00,1.037590000,1.606900000,0.709250000,-7.95,81.99,-112.75
71,1565394291.673443790,3648239091.673443790,0.00,80.00,-120.00,1.037730000,1.606830000,0.709180000,-7.95,81.99,-112.75
71,1565394292.674088000,3648239092.674088000,0.00,80.00,-120.00,1.038030000,1.606800000,0.708830000,-7.95,81.99,-112.75
72,1565394300.009622570,3648239100.009622570,0.00,120.00,-120.00,0.911050000,1.738160000,0.593180000,-7.95,121.99,-112.75
72,1565394301.010052680,3648239101.010052680,0.00,120.00,-120.00,0.912060000,1.738000000,0.592060000,-7.95,121.99,-112.75
72,1565394302.009635920,3648239102.009635920,0.00,120.00,-120.00,0.910960000,1.738420000,0.592180000,-7.95,121.99,-112.75
72,1565394303.009672160,3648239103.009672160,0.00,120.00,-120.00,0.910890000,1.738360000,0.592490000,-7.95,121.99,-112.75
72,1565394304.010581020,3648239104.010581020,0.00,120.00,-120.00,0.910710000,1.738310000,0.592850000,-7.95,121.99,-112.75
73,1565394309.273059840,3648239109.273059840,0.00,160.00,-120.00,0.789630000,1.815670000,0.509330000,-7.95,161.99,-112.75
73,1565394310.274047370,3648239110.274047370,0.00,160.00,-120.00,0.789170000,1.815920000,0.509650000,-7.95,161.99,-112.75
73,1565394311.273791310,3648239111.273791310,0.00,160.00,-120.00,0.787020000,1.816680000,0.510020000,-7.95,161.99,-112.75
73,1565394312.273667340,3648239112.273667330,0.00,160.00,-120.00,0.786050000,1.816950000,0.509760000,-7.95,161.99,-112.75
73,1565394313.274197100,3648239113.274197100,0.00,160.00,-120.00,0.785870000,1.816870000,0.510190000,-7.95,161.99,-112.75
74,1565394318.753539560,3648239118.753539560,0.00,200.00,-120.00,0.664760000,1.885990000,0.443330000,-7.95,201.99,-112.75
74,1565394319.753758430,3648239119.753758430,0.00,200.00,-120.00,0.663350000,1.886040000,0.444240000,-7.95,201.99,-112.75
74,1565394320.753690720,3648239120.753690720,0.00,200.00,-120.00,0.660180000,1.887040000,0.444180000,-7.95,201.99,-112.75
74,1565394321.753610610,3648239121.753610610,0.00,200.00,-120.00,0.660200000,1.887070000,0.444230000,-7.95,201.99,-112.75
74,1565394322.753603930,3648239122.753603930,0.00,200.00,-120.00,0.658850000,1.887190000,0.444770000,-7.95,201.99,-112.75
75,1565394346.921680930,3648239146.921680930,40.00,40.00,-120.00,1.875660000,1.736350000,0.624010000,32.05,41.99,-112.75
75,1565394347.922054290,3648239147.922054290,40.00,40.00,-120.00,1.876160000,1.736510000,0.622490000,32.05,41.99,-112.75
75,1565394348.921598430,3648239148.921598430,40.00,40.00,-120.00,1.877100000,1.736510000,0.619630000,32.05,41.99,-112.75
75,1565394349.921871180,3648239149.921871180,40.00,40.00,-120.00,1.877380000,1.736000000,0.620200000,32.05,41.99,-112.75
75,1565394350.922723770,3648239150.922723770,40.00,40.00,-120.00,1.891710000,1.718960000,0.619040000,32.05,41.99,-112.75
76,1565394356.913302420,3648239156.913302420,40.00,80.00,-120.00,1.338970000,1.851600000,0.513360000,32.05,81.99,-112.75
76,1565394357.913412090,3648239157.913412090,40.00,80.00,-120.00,1.338190000,1.851900000,0.513760000,32.05,81.99,-112.75
76,1565394358.913552280,3648239158.913552280,40.00,80.00,-120.00,1.338540000,1.851860000,0.513480000,32.05,81.99,-112.75
76,1565394359.913865570,3648239159.913865570,40.00,80.00,-120.00,1.338370000,1.851940000,0.513430000,32.05,81.99,-112.75
76,1565394360.914156440,3648239160.914156440,40.00,80.00,-120.00,1.338110000,1.852080000,0.513340000,32.05,81.99,-112.75
77,1565394366.488852020,3648239166.488852020,40.00,120.00,-120.00,1.086220000,1.898780000,0.449710000,32.05,121.99,-112.75
77,1565394367.488879200,3648239167.488879200,40.00,120.00,-120.00,1.085480000,1.899210000,0.449580000,32.05,121.99,-112.75
77,1565394368.488598350,3648239168.488598350,40.00,120.00,-120.00,1.085440000,1.899200000,0.449430000,32.05,121.99,-112.75
77,1565394369.488487240,3648239169.488487240,40.00,120.00,-120.00,1.086080000,1.898950000,0.448240000,32.05,121.99,-112.75
77,1565394370.488597870,3648239170.488597870,40.00,120.00,-120.00,1.088430000,1.898500000,0.444270000,32.05,121.99,-112.75
78,1565394375.777964590,3648239175.777964590,40.00,160.00,-120.00,0.914020000,1.954860000,0.389920000,32.05,161.99,-112.75
78,1565394376.779023170,3648239176.779023170,40.00,160.00,-120.00,0.914010000,1.954860000,0.390120000,32.05,161.99,-112.75
78,1565394377.778390410,3648239177.778390410,40.00,160.00,-120.00,0.913050000,1.955080000,0.390300000,32.05,161.99,-112.75
78,1565394378.779177670,3648239178.779177660,40.00,160.00,-120.00,0.912050000,1.955380000,0.390310000,32.05,161.99,-112.75
78,1565394379.778492930,3648239179.778492930,40.00,160.00,-120.00,0.912410000,1.955360000,0.390360000,32.05,161.99,-112.75
79,1565394384.353046420,3648239184.353046420,40.00,200.00,-120.00,0.768250000,2.024100000,0.340890000,32.05,201.99,-112.75
79,1565394385.352486610,3648239185.352486610,40.00,200.00,-120.00,0.764680000,2.024500000,0.341150000,32.05,201.99,-112.75
79,1565394386.352623460,3648239186.352623460,40.00,200.00,-120.00,0.761640000,2.024800000,0.342550000,32.05,201.99,-112.75
79,1565394387.354225640,3648239187.354225630,40.00,200.00,-120.00,0.758430000,2.026100000,0.341890000,32.05,201.99,-112.75
79,1565394388.353898050,3648239188.353898050,40.00,200.00,-120.00,0.758500000,2.026300000,0.341030000,32.05,201.99,-112.75
80,1565394436.593217370,3648239236.593217370,80.00,40.00,-120.00,2.051600000,2.571900000,0.138748000,72.05,41.99,-112.75
80,1565394437.592507360,3648239237.592507360,80.00,40.00,-120.00,2.051600000,2.571900000,0.138635000,72.05,41.99,-112.75
80,1565394438.592438220,3648239238.592438220,80.00,40.00,-120.00,2.051700000,2.571900000,0.138462000,72.05,41.99,-112.75
80,1565394439.592826370,3648239239.592826370,80.00,40.00,-120.00,2.051600000,2.571900000,0.138524000,72.05,41.99,-112.75
80,1565394440.594049930,3648239240.594049930,80.00,40.00,-120.00,2.051500000,2.572000000,0.138384000,72.05,41.99,-112.75
81,1565394446.713250640,3648239246.713250640,80.00,80.00,-120.00,1.458820000,2.219300000,0.232100000,72.05,81.99,-112.75
81,1565394447.713171480,3648239247.713171480,80.00,80.00,-120.00,1.458870000,2.219300000,0.232270000,72.05,81.99,-112.75
81,1565394448.712896820,3648239248.712896820,80.00,80.00,-120.00,1.458590000,2.219200000,0.232570000,72.05,81.99,-112.75
81,1565394449.712518690,3648239249.712518690,80.00,80.00,-120.00,1.458610000,2.219400000,0.232170000,72.05,81.99,-112.75
81,1565394450.712582110,3648239250.712582110,80.00,80.00,-120.00,1.458740000,2.219400000,0.231690000,72.05,81.99,-112.75
82,1565394455.081254480,3648239255.081254480,80.00,120.00,-120.00,1.196860000,2.096500000,0.226630000,72.05,121.99,-112.75
82,1565394456.081008910,3648239256.081008910,80.00,120.00,-120.00,1.198180000,2.096300000,0.223640000,72.05,121.99,-112.75
82,1565394457.080475330,3648239257.080475330,80.00,120.00,-120.00,1.197230000,2.096500000,0.225450000,72.05,121.99,-112.75
82,1565394458.082060340,3648239258.082060340,80.00,120.00,-120.00,1.195650000,2.097200000,0.226600000,72.05,121.99,-112.75
82,1565394459.081896780,3648239259.081896780,80.00,120.00,-120.00,1.195360000,2.097300000,0.227510000,72.05,121.99,-112.75
83,1565394464.817432880,3648239264.817432880,80.00,160.00,-120.00,1.024880000,2.112200000,0.187280000,72.05,161.99,-112.75
83,1565394465.818131920,3648239265.818131920,80.00,160.00,-120.00,1.021070000,2.114100000,0.188460000,72.05,161.99,-112.75
83,1565394466.818380360,3648239266.818380350,80.00,160.00,-120.00,1.020330000,2.114200000,0.188920000,72.05,161.99,-112.75
83,1565394467.818346500,3648239267.818346500,80.00,160.00,-120.00,1.020270000,2.114200000,0.188750000,72.05,161.99,-112.75
83,1565394468.819204810,3648239268.819204810,80.00,160.00,-120.00,1.020300000,2.114300000,0.188650000,72.05,161.99,-112.75
84,1565394475.089355950,3648239275.089355940,80.00,200.00,-120.00,0.845790000,2.192700000,0.168273000,72.05,201.99,-112.75
84,1565394476.089780810,3648239276.089780810,80.00,200.00,-120.00,0.843650000,2.193200000,0.169316000,72.05,201.99,-112.75
84,1565394477.089451790,3648239277.089451790,80.00,200.00,-120.00,0.841140000,2.193900000,0.169736000,72.05,201.99,-112.75
84,1565394478.089947220,3648239278.089947220,80.00,200.00,-120.00,0.841750000,2.194300000,0.167754000,72.05,201.99,-112.75
84,1565394479.090108870,3648239279.090108870,80.00,200.00,-120.00,0.841060000,2.194500000,0.167984000,72.05,201.99,-112.75
85,1565394514.960725780,3648239314.960725780,120.00,40.00,-120.00,1.630550000,3.360100000,-0.279460000,112.05,41.99,-112.75
85,1565394515.960408210,3648239315.960408210,120.00,40.00,-120.00,1.630530000,3.360100000,-0.279440000,112.05,41.99,-112.75
85,1565394516.962195400,3648239316.962195400,120.00,40.00,-120.00,1.630520000,3.360000000,-0.279520000,112.05,41.99,-112.75
85,1565394517.962197300,3648239317.962197300,120.00,40.00,-120.00,1.630510000,3.360100000,-0.279640000,112.05,41.99,-112.75
85,1565394518.962219710,3648239318.962219710,120.00,40.00,-120.00,1.630620000,3.360000000,-0.279670000,112.05,41.99,-112.75
86,1565394523.409039500,3648239323.409039500,120.00,80.00,-120.00,1.271930000,2.508600000,-0.042272000,112.05,81.99,-112.75
86,1565394524.410243030,3648239324.410243030,120.00,80.00,-120.00,1.271640000,2.508800000,-0.042387000,112.05,81.99,-112.75
86,1565394525.409322740,3648239325.409322740,120.00,80.00,-120.00,1.271780000,2.508700000,-0.042463000,112.05,81.99,-112.75
86,1565394526.409483430,3648239326.409483430,120.00,80.00,-120.00,1.271660000,2.508700000,-0.042109000,112.05,81.99,-112.75
86,1565394527.410192010,3648239327.410192010,120.00,80.00,-120.00,1.271630000,2.508700000,-0.041913000,112.05,81.99,-112.75
87,1565394534.521434310,3648239334.521434310,120.00,120.00,-120.00,1.149510000,2.245400000,-0.037694000,112.05,121.99,-112.75
87,1565394535.523225310,3648239335.523225310,120.00,120.00,-120.00,1.149550000,2.245400000,-0.040320000,112.05,121.99,-112.75
87,1565394536.523683070,3648239336.523683070,120.00,120.00,-120.00,1.149660000,2.245400000,-0.041355000,112.05,121.99,-112.75
87,1565394537.523446080,3648239337.523446080,120.00,120.00,-120.00,1.149720000,2.245300000,-0.040985000,112.05,121.99,-112.75
87,1565394538.524198050,3648239338.524198050,120.00,120.00,-120.00,1.149410000,2.245500000,-0.040424000,112.05,121.99,-112.75
88,1565394544.057217600,3648239344.057217600,120.00,160.00,-120.00,1.045490000,2.261400000,-0.072936000,112.05,161.99,-112.75
88,1565394545.056324480,3648239345.056324480,120.00,160.00,-120.00,1.046110000,2.261000000,-0.073810000,112.05,161.99,-112.75
88,1565394546.056436060,3648239346.056436060,120.00,160.00,-120.00,1.046080000,2.261000000,-0.074047000,112.05,161.99,-112.75
88,1565394547.056422710,3648239347.056422710,120.00,160.00,-120.00,1.045800000,2.261100000,-0.073967000,112.05,161.99,-112.75
88,1565394548.056819440,3648239348.056819440,120.00,160.00,-120.00,1.045630000,2.261200000,-0.073451000,112.05,161.99,-112.75
89,1565394553.432686810,3648239353.432686800,120.00,200.00,-120.00,0.858480000,2.388600000,-0.026101000,112.05,201.99,-112.75
89,1565394554.433737750,3648239354.433737750,120.00,200.00,-120.00,0.857530000,2.388500000,-0.025566000,112.05,201.99,-112.75
89,1565394555.433445930,3648239355.433445930,120.00,200.00,-120.00,0.857570000,2.388700000,-0.026841000,112.05,201.99,-112.75
89,1565394556.434049610,3648239356.434049610,120.00,200.00,-120.00,0.857710000,2.388500000,-0.025282000,112.05,201.99,-112.75
89,1565394557.433404450,3648239357.433404440,120.00,200.00,-120.00,0.857930000,2.388700000,-0.026819000,112.05,201.99,-112.75
90,1565394577.993222240,3648239377.993222240,160.00,40.00,-120.00,0.619760000,3.574600000,-0.315800000,152.05,41.99,-112.75
90,1565394578.992356780,3648239378.992356780,160.00,40.00,-120.00,0.617950000,3.575900000,-0.316160000,152.05,41.99,-112.75
90,1565394579.992916580,3648239379.992916580,160.00,40.00,-120.00,0.617890000,3.576000000,-0.316220000,152.05,41.99,-112.75
90,1565394580.992900370,3648239380.992900370,160.00,40.00,-120.00,0.616450000,3.576400000,-0.315970000,152.05,41.99,-112.75
90,1565394581.993552680,3648239381.993552680,160.00,40.00,-120.00,0.616190000,3.576500000,-0.316260000,152.05,41.99,-112.75
91,1565394587.001080990,3648239387.001080990,160.00,80.00,-120.00,0.796050000,2.565800000,-0.153370000,152.05,81.99,-112.75
91,1565394588.000784870,3648239388.000784870,160.00,80.00,-120.00,0.795650000,2.565300000,-0.154959000,152.05,81.99,-112.75
91,1565394589.001021380,3648239389.001021380,160.00,80.00,-120.00,0.795350000,2.565400000,-0.156614000,152.05,81.99,-112.75
91,1565394590.001038550,3648239390.001038550,160.00,80.00,-120.00,0.795390000,2.565300000,-0.158668000,152.05,81.99,-112.75
91,1565394591.001027580,3648239391.001027580,160.00,80.00,-120.00,0.795400000,2.565300000,-0.158624000,152.05,81.99,-112.75
92,1565394595.953372480,3648239395.953372480,160.00,120.00,-120.00,0.916750000,2.256800000,-0.264310000,152.05,121.99,-112.75
92,1565394596.953826430,3648239396.953826430,160.00,120.00,-120.00,0.918810000,2.254500000,-0.267490000,152.05,121.99,-112.75
92,1565394597.954225060,3648239397.954225060,160.00,120.00,-120.00,0.917730000,2.255400000,-0.267210000,152.05,121.99,-112.75
92,1565394598.955038550,3648239398.955038550,160.00,120.00,-120.00,0.917500000,2.255600000,-0.267490000,152.05,121.99,-112.75
92,1565394599.956071380,3648239399.956071380,160.00,120.00,-120.00,0.917180000,2.255900000,-0.267070000,152.05,121.99,-112.75
93,1565394606.072976590,3648239406.072976590,160.00,160.00,-120.00,0.867820000,2.357300000,-0.353970000,152.05,161.99,-112.75
93,1565394607.072727680,3648239407.072727680,160.00,160.00,-120.00,0.868050000,2.357100000,-0.354280000,152.05,161.99,-112.75
93,1565394608.073185920,3648239408.073185920,160.00,160.00,-120.00,0.868050000,2.357100000,-0.354410000,152.05,161.99,-112.75
93,1565394609.073099140,3648239409.073099140,160.00,160.00,-120.00,0.867750000,2.357200000,-0.354540000,152.05,161.99,-112.75
93,1565394610.072360520,3648239410.072360510,160.00,160.00,-120.00,0.867720000,2.357200000,-0.352990000,152.05,161.99,-112.75
94,1565394614.880812640,3648239414.880812640,160.00,200.00,-120.00,0.729880000,2.587300000,-0.223080000,152.05,201.99,-112.75
94,1565394615.880710600,3648239415.880710600,160.00,200.00,-120.00,0.729580000,2.587100000,-0.222270000,152.05,201.99,-112.75
94,1565394616.880683900,3648239416.880683900,160.00,200.00,-120.00,0.729860000,2.587000000,-0.221850000,152.05,201.99,-112.75
94,1565394617.880750660,3648239417.880750660,160.00,200.00,-120.00,0.729650000,2.587100000,-0.222260000,152.05,201.99,-112.75
94,1565394618.882042410,3648239418.882042410,160.00,200.00,-120.00,0.729810000,2.587100000,-0.222530000,152.05,201.99,-112.75
