0,1565404632,3648249432,20,40,-40,0.47681,2.0351,0.37804,12.05,42.37,-32.75
0,1565404633,3648249433,20,40,-40,0.47704,2.035,0.37775,12.05,42.37,-32.75
0,1565404634,3648249434,20,40,-40,0.47701,2.035,0.37793,12.05,42.37,-32.75
0,1565404635,3648249435,20,40,-40,0.47693,2.035,0.37786,12.05,42.37,-32.75
0,1565404636,3648249436,20,40,-40,0.47669,2.0351,0.3779,12.05,42.37,-32.75
1,1565404640,3648249440,20,80,-40,0.37086,2.0941,0.35594,12.05,82.37,-32.75
1,1565404641,3648249441,20,80,-40,0.37141,2.0942,0.35461,12.05,82.37,-32.75
1,1565404642,3648249442,20,80,-40,0.37153,2.0942,0.3541,12.05,82.37,-32.75
1,1565404643,3648249443,20,80,-40,0.37141,2.0941,0.3544,12.05,82.37,-32.75
1,1565404644,3648249444,20,80,-40,0.37138,2.0942,0.3538,12.05,82.37,-32.75
2,1565404650,3648249450,20,120,-40,0.26606,2.1416,0.32688,12.05,122.37,-32.75
2,1565404651,3648249451,20,120,-40,0.26679,2.1416,0.32508,12.05,122.37,-32.75
2,1565404652,3648249452,20,120,-40,0.26875,2.1415,0.32269,12.05,122.37,-32.75
2,1565404653,3648249453,20,120,-40,0.2649,2.1416,0.32754,12.05,122.37,-32.75
2,1565404654,3648249454,20,120,-40,0.2649,2.1417,0.32742,12.05,122.37,-32.75
3,1565404661,3648249461,20,160,-40,0.1477,2.1783,0.2966,12.05,162.37,-32.75
3,1565404662,3648249462,20,160,-40,0.147301,2.1783,0.29652,12.05,162.37,-32.75
3,1565404663,3648249463,20,160,-40,0.146531,2.1783,0.29726,12.05,162.37,-32.75
3,1565404664,3648249464,20,160,-40,0.147982,2.1783,0.29629,12.05,162.37,-32.75
3,1565404665,3648249465,20,160,-40,0.148224,2.1783,0.29648,12.05,162.37,-32.75
4,1565404670,3648249470,20,200,-40,0.042815,2.2035,0.26089,12.05,202.37,-32.75
4,1565404671,3648249471,20,200,-40,0.041026,2.2032,0.2611,12.05,202.37,-32.75
4,1565404672,3648249472,20,200,-40,0.040033,2.2032,0.26022,12.05,202.37,-32.75
4,1565404673,3648249473,20,200,-40,0.040965,2.2032,0.26082,12.05,202.37,-32.75
4,1565404674,3648249474,20,200,-40,0.041053,2.2032,0.25994,12.05,202.37,-32.75
5,1565404734,3648249534,20,40,0,0.42831,2.0492,0.3941,12.05,42.37,7.25
5,1565404735,3648249535,20,40,0,0.42826,2.0492,0.39404,12.05,42.37,7.25
5,1565404736,3648249536,20,40,0,0.42822,2.0493,0.39353,12.05,42.37,7.25
5,1565404737,3648249537,20,40,0,0.42799,2.0492,0.39433,12.05,42.37,7.25
5,1565404738,3648249538,20,40,0,0.42817,2.0492,0.39366,12.05,42.37,7.25
6,1565404742,3648249542,20,80,0,0.33728,2.1136,0.37413,12.05,82.37,7.25
6,1565404743,3648249543,20,80,0,0.33859,2.1132,0.37328,12.05,82.37,7.25
6,1565404744,3648249544,20,80,0,0.33731,2.1132,0.37496,12.05,82.37,7.25
6,1565404745,3648249545,20,80,0,0.33696,2.1132,0.37495,12.05,82.37,7.25
6,1565404746,3648249546,20,80,0,0.33698,2.1133,0.37438,12.05,82.37,7.25
7,1565404752,3648249552,20,120,0,0.24344,2.1664,0.34539,12.05,122.37,7.25
7,1565404753,3648249553,20,120,0,0.24391,2.1663,0.34524,12.05,122.37,7.25
7,1565404754,3648249554,20,120,0,0.24365,2.1664,0.34491,12.05,122.37,7.25
7,1565404755,3648249555,20,120,0,0.24347,2.1664,0.34538,12.05,122.37,7.25
7,1565404756,3648249556,20,120,0,0.24354,2.1664,0.3455,12.05,122.37,7.25
8,1565404762,3648249562,20,160,0,0.145344,2.2066,0.31576,12.05,162.37,7.25
8,1565404763,3648249563,20,160,0,0.143838,2.2066,0.31521,12.05,162.37,7.25
8,1565404764,3648249564,20,160,0,0.14355,2.2067,0.31498,12.05,162.37,7.25
8,1565404765,3648249565,20,160,0,0.14348,2.2066,0.31518,12.05,162.37,7.25
8,1565404766,3648249566,20,160,0,0.143337,2.2067,0.3142,12.05,162.37,7.25
9,1565404772,3648249572,20,200,0,0.042499,2.2362,0.27784,12.05,202.37,7.25
9,1565404773,3648249573,20,200,0,0.042249,2.2362,0.27779,12.05,202.37,7.25
9,1565404774,3648249574,20,200,0,0.042345,2.2361,0.27863,12.05,202.37,7.25
9,1565404775,3648249575,20,200,0,0.041291,2.236,0.27733,12.05,202.37,7.25
9,1565404776,3648249576,20,200,0,0.041262,2.236,0.27637,12.05,202.37,7.25
10,1565404806,3648249606,20,40,40,0.3837,2.0671,0.41498,12.05,42.37,47.25
10,1565404807,3648249607,20,40,40,0.38439,2.067,0.41531,12.05,42.37,47.25
10,1565404808,3648249608,20,40,40,0.38455,2.067,0.41526,12.05,42.37,47.25
10,1565404809,3648249609,20,40,40,0.38466,2.067,0.41501,12.05,42.37,47.25
10,1565404810,3648249610,20,40,40,0.38454,2.067,0.41544,12.05,42.37,47.25
11,1565404815,3648249615,20,80,40,0.3114,2.1372,0.39905,12.05,82.37,47.25
11,1565404816,3648249616,20,80,40,0.31154,2.1371,0.39941,12.05,82.37,47.25
11,1565404817,3648249617,20,80,40,0.31164,2.1386,0.39114,12.05,82.37,47.25
11,1565404818,3648249618,20,80,40,0.31268,2.1388,0.38889,12.05,82.37,47.25
11,1565404819,3648249619,20,80,40,0.31175,2.1388,0.38969,12.05,82.37,47.25
12,1565404827,3648249627,20,120,40,0.23307,2.1962,0.36215,12.05,122.37,47.25
12,1565404828,3648249628,20,120,40,0.23447,2.1966,0.35822,12.05,122.37,47.25
12,1565404829,3648249629,20,120,40,0.2342,2.1967,0.35774,12.05,122.37,47.25
12,1565404830,3648249630,20,120,40,0.23376,2.1967,0.35818,12.05,122.37,47.25
12,1565404831,3648249631,20,120,40,0.23366,2.1967,0.35824,12.05,122.37,47.25
13,1565404838,3648249638,20,160,40,0.137819,2.2414,0.32471,12.05,162.37,47.25
13,1565404839,3648249639,20,160,40,0.135876,2.2415,0.32441,12.05,162.37,47.25
13,1565404840,3648249640,20,160,40,0.136187,2.2415,0.32422,12.05,162.37,47.25
13,1565404841,3648249641,20,160,40,0.135678,2.2415,0.32473,12.05,162.37,47.25
13,1565404842,3648249642,20,160,40,0.136826,2.2416,0.32404,12.05,162.37,47.25
14,1565404847,3648249647,20,200,40,0.043555,2.2727,0.28533,12.05,202.37,47.25
14,1565404848,3648249648,20,200,40,0.043328,2.2727,0.28572,12.05,202.37,47.25
14,1565404849,3648249649,20,200,40,0.042715,2.2726,0.2844,12.05,202.37,47.25
14,1565404850,3648249650,20,200,40,0.04343,2.2727,0.2852,12.05,202.37,47.25
14,1565404851,3648249651,20,200,40,0.043016,2.2727,0.28477,12.05,202.37,47.25
15,1565404909,3648249709,20,40,80,0.35369,2.0846,0.44665,12.05,42.37,87.25
15,1565404910,3648249710,20,40,80,0.35369,2.0846,0.44676,12.05,42.37,87.25
15,1565404911,3648249711,20,40,80,0.35367,2.0847,0.4464,12.05,42.37,87.25
15,1565404912,3648249712,20,40,80,0.35369,2.0846,0.44684,12.05,42.37,87.25
15,1565404913,3648249713,20,40,80,0.35401,2.0845,0.44712,12.05,42.37,87.25
16,1565404921,3648249721,20,80,80,0.29439,2.1698,0.41038,12.05,82.37,87.25
16,1565404922,3648249722,20,80,80,0.29395,2.1699,0.41019,12.05,82.37,87.25
16,1565404923,3648249723,20,80,80,0.29408,2.17,0.40979,12.05,82.37,87.25
16,1565404924,3648249724,20,80,80,0.29395,2.1701,0.40927,12.05,82.37,87.25
16,1565404925,3648249725,20,80,80,0.29396,2.1701,0.40906,12.05,82.37,87.25
17,1565404930,3648249730,20,120,80,0.22416,2.2331,0.37399,12.05,122.37,87.25
17,1565404931,3648249731,20,120,80,0.22359,2.2332,0.3729,12.05,122.37,87.25
17,1565404932,3648249732,20,120,80,0.22377,2.2334,0.37117,12.05,122.37,87.25
17,1565404933,3648249733,20,120,80,0.22394,2.2335,0.37077,12.05,122.37,87.25
17,1565404934,3648249734,20,120,80,0.2215,2.2337,0.37094,12.05,122.37,87.25
18,1565404941,3648249741,20,160,80,0.129474,2.2812,0.32881,12.05,162.37,87.25
18,1565404942,3648249742,20,160,80,0.128966,2.2811,0.32914,12.05,162.37,87.25
18,1565404943,3648249743,20,160,80,0.125927,2.2812,0.32908,12.05,162.37,87.25
18,1565404944,3648249744,20,160,80,0.133421,2.2808,0.32926,12.05,162.37,87.25
18,1565404945,3648249745,20,160,80,0.133401,2.281,0.32694,12.05,162.37,87.25
19,1565404950,3648249750,20,200,80,0.053423,2.3133,0.28429,12.05,202.37,87.25
19,1565404951,3648249751,20,200,80,0.04555,2.3126,0.28498,12.05,202.37,87.25
19,1565404952,3648249752,20,200,80,0.045781,2.3126,0.28612,12.05,202.37,87.25
19,1565404953,3648249753,20,200,80,0.041637,2.3125,0.28568,12.05,202.37,87.25
19,1565404954,3648249754,20,200,80,0.041478,2.3126,0.28512,12.05,202.37,87.25
20,1565404997,3648249797,20,40,120,0.3425,2.115,0.47352,12.05,42.37,127.25
20,1565404998,3648249798,20,40,120,0.34257,2.1149,0.47382,12.05,42.37,127.25
20,1565404999,3648249799,20,40,120,0.34253,2.115,0.47337,12.05,42.37,127.25
20,1565405000,3648249800,20,40,120,0.34241,2.115,0.47347,12.05,42.37,127.25
20,1565405001,3648249801,20,40,120,0.3424,2.115,0.47365,12.05,42.37,127.25
21,1565405006,3648249806,20,80,120,0.29871,2.2073,0.43188,12.05,82.37,127.25
21,1565405007,3648249807,20,80,120,0.30044,2.2071,0.43148,12.05,82.37,127.25
21,1565405008,3648249808,20,80,120,0.30124,2.2069,0.43221,12.05,82.37,127.25
21,1565405009,3648249809,20,80,120,0.30131,2.207,0.43164,12.05,82.37,127.25
21,1565405010,3648249810,20,80,120,0.30093,2.207,0.43154,12.05,82.37,127.25
22,1565405016,3648249816,20,120,120,0.23971,2.2762,0.38677,12.05,122.37,127.25
22,1565405017,3648249817,20,120,120,0.23924,2.2764,0.38504,12.05,122.37,127.25
22,1565405018,3648249818,20,120,120,0.23878,2.2763,0.38625,12.05,122.37,127.25
22,1565405019,3648249819,20,120,120,0.23908,2.2764,0.38527,12.05,122.37,127.25
22,1565405020,3648249820,20,120,120,0.23891,2.2764,0.38565,12.05,122.37,127.25
23,1565405026,3648249826,20,160,120,0.156381,2.3265,0.33792,12.05,162.37,127.25
23,1565405027,3648249827,20,160,120,0.156541,2.3265,0.33865,12.05,162.37,127.25
23,1565405028,3648249828,20,160,120,0.155789,2.3264,0.33856,12.05,162.37,127.25
23,1565405029,3648249829,20,160,120,0.155151,2.3265,0.33781,12.05,162.37,127.25
23,1565405030,3648249830,20,160,120,0.155258,2.3265,0.33776,12.05,162.37,127.25
24,1565405036,3648249836,20,200,120,0.069099,2.3586,0.28588,12.05,202.37,127.25
24,1565405037,3648249837,20,200,120,0.067927,2.3585,0.28534,12.05,202.37,127.25
24,1565405038,3648249838,20,200,120,0.067075,2.3585,0.28479,12.05,202.37,127.25
24,1565405039,3648249839,20,200,120,0.066957,2.3582,0.29107,12.05,202.37,127.25
24,1565405040,3648249840,20,200,120,0.066054,2.3584,0.28465,12.05,202.37,127.25
25,1565405128,3648249928,20,40,160,0.33538,2.1558,0.50795,12.05,42.37,167.25
25,1565405129,3648249929,20,40,160,0.3354,2.1558,0.50796,12.05,42.37,167.25
25,1565405130,3648249930,20,40,160,0.33532,2.1559,0.50731,12.05,42.37,167.25
25,1565405131,3648249931,20,40,160,0.33542,2.1558,0.50776,12.05,42.37,167.25
25,1565405132,3648249932,20,40,160,0.33548,2.156,0.5072,12.05,42.37,167.25
26,1565405140,3648249940,20,80,160,0.30683,2.2544,0.45662,12.05,82.37,167.25
26,1565405141,3648249941,20,80,160,0.30691,2.2545,0.45597,12.05,82.37,167.25
26,1565405142,3648249942,20,80,160,0.30696,2.2547,0.45511,12.05,82.37,167.25
26,1565405143,3648249943,20,80,160,0.30673,2.2548,0.45465,12.05,82.37,167.25
26,1565405144,3648249944,20,80,160,0.30658,2.2547,0.45501,12.05,82.37,167.25
27,1565405149,3648249949,20,120,160,0.25678,2.3269,0.4038,12.05,122.37,167.25
27,1565405150,3648249950,20,120,160,0.25632,2.327,0.40278,12.05,122.37,167.25
27,1565405151,3648249951,20,120,160,0.25844,2.327,0.40036,12.05,122.37,167.25
27,1565405152,3648249952,20,120,160,0.25837,2.327,0.40055,12.05,122.37,167.25
27,1565405153,3648249953,20,120,160,0.25721,2.3272,0.39967,12.05,122.37,167.25
28,1565405158,3648249958,20,160,160,0.18368,2.3781,0.3422,12.05,162.37,167.25
28,1565405159,3648249959,20,160,160,0.18049,2.3782,0.34143,12.05,162.37,167.25
28,1565405160,3648249960,20,160,160,0.180169,2.3781,0.3436,12.05,162.37,167.25
28,1565405161,3648249961,20,160,160,0.179287,2.3783,0.34039,12.05,162.37,167.25
28,1565405162,3648249962,20,160,160,0.180065,2.3785,0.33729,12.05,162.37,167.25
29,1565405168,3648249968,20,200,160,0.099146,2.4081,0.28339,12.05,202.37,167.25
29,1565405169,3648249969,20,200,160,0.097974,2.408,0.28352,12.05,202.37,167.25
29,1565405170,3648249970,20,200,160,0.096,2.4081,0.28494,12.05,202.37,167.25
29,1565405171,3648249971,20,200,160,0.095955,2.4081,0.28402,12.05,202.37,167.25
29,1565405172,3648249972,20,200,160,0.095798,2.4081,0.28344,12.05,202.37,167.25
30,1565405254,3648250054,20,40,320,0.741,2.4938,0.69901,12.05,42.37,327.25
30,1565405255,3648250055,20,40,320,0.74079,2.4938,0.69931,12.05,42.37,327.25
30,1565405256,3648250056,20,40,320,0.74108,2.4938,0.69877,12.05,42.37,327.25
30,1565405257,3648250057,20,40,320,0.74068,2.4939,0.69895,12.05,42.37,327.25
30,1565405258,3648250058,20,40,320,0.74005,2.4939,0.69974,12.05,42.37,327.25
31,1565405263,3648250063,20,80,320,0.64346,2.6897,0.49909,12.05,82.37,327.25
31,1565405264,3648250064,20,80,320,0.64264,2.6889,0.5044,12.05,82.37,327.25
31,1565405265,3648250065,20,80,320,0.64239,2.689,0.50479,12.05,82.37,327.25
31,1565405266,3648250066,20,80,320,0.6422,2.689,0.50452,12.05,82.37,327.25
31,1565405267,3648250067,20,80,320,0.64299,2.6889,0.50307,12.05,82.37,327.25
32,1565405273,3648250073,20,120,320,0.54634,2.7251,0.29933,12.05,122.37,327.25
32,1565405274,3648250074,20,120,320,0.5455,2.7253,0.30222,12.05,122.37,327.25
32,1565405275,3648250075,20,120,320,0.5448,2.7253,0.30192,12.05,122.37,327.25
32,1565405276,3648250076,20,120,320,0.54365,2.7255,0.30201,12.05,122.37,327.25
32,1565405277,3648250077,20,120,320,0.5438,2.7255,0.30192,12.05,122.37,327.25
33,1565405285,3648250085,20,160,320,0.44264,2.7009,0.163359,12.05,162.37,327.25
33,1565405286,3648250086,20,160,320,0.44146,2.701,0.163592,12.05,162.37,327.25
33,1565405287,3648250087,20,160,320,0.44182,2.7008,0.16196,12.05,162.37,327.25
33,1565405288,3648250088,20,160,320,0.44134,2.7008,0.161659,12.05,162.37,327.25
33,1565405289,3648250089,20,160,320,0.44073,2.7009,0.162133,12.05,162.37,327.25
34,1565405294,3648250094,20,200,320,0.33423,2.6559,0.073976,12.05,202.37,327.25
34,1565405295,3648250095,20,200,320,0.33359,2.6559,0.073483,12.05,202.37,327.25
34,1565405296,3648250096,20,200,320,0.33183,2.656,0.075148,12.05,202.37,327.25
34,1565405297,3648250097,20,200,320,0.331,2.656,0.074674,12.05,202.37,327.25
34,1565405298,3648250098,20,200,320,0.33024,2.656,0.074382,12.05,202.37,327.25
35,1565405380,3648250180,0,40,320,0.58392,2.4899,0.53938,-7.95,42.37,327.25
35,1565405381,3648250181,0,40,320,0.58275,2.4902,0.53926,-7.95,42.37,327.25
35,1565405382,3648250182,0,40,320,0.58262,2.4902,0.53952,-7.95,42.37,327.25
35,1565405383,3648250183,0,40,320,0.58256,2.4902,0.5395,-7.95,42.37,327.25
35,1565405384,3648250184,0,40,320,0.58137,2.4905,0.53949,-7.95,42.37,327.25
36,1565405388,3648250188,0,80,320,0.54901,2.6454,0.39033,-7.95,82.37,327.25
36,1565405389,3648250189,0,80,320,0.54679,2.6458,0.38964,-7.95,82.37,327.25
36,1565405390,3648250190,0,80,320,0.55202,2.645,0.3907,-7.95,82.37,327.25
36,1565405391,3648250191,0,80,320,0.54956,2.6451,0.3896,-7.95,82.37,327.25
36,1565405392,3648250192,0,80,320,0.54878,2.645,0.39171,-7.95,82.37,327.25
37,1565405405,3648250205,0,120,320,0.47373,2.6778,0.23155,-7.95,122.37,327.25
37,1565405406,3648250206,0,120,320,0.47244,2.678,0.23143,-7.95,122.37,327.25
37,1565405407,3648250207,0,120,320,0.47203,2.6781,0.23128,-7.95,122.37,327.25
37,1565405408,3648250208,0,120,320,0.47187,2.678,0.23053,-7.95,122.37,327.25
37,1565405409,3648250209,0,120,320,0.47148,2.6781,0.23066,-7.95,122.37,327.25
38,1565405418,3648250218,0,160,320,0.37403,2.6482,0.110049,-7.95,162.37,327.25
38,1565405419,3648250219,0,160,320,0.37473,2.648,0.109633,-7.95,162.37,327.25
38,1565405420,3648250220,0,160,320,0.36747,2.6488,0.108947,-7.95,162.37,327.25
38,1565405421,3648250221,0,160,320,0.36604,2.6489,0.108897,-7.95,162.37,327.25
38,1565405422,3648250222,0,160,320,0.36575,2.649,0.108755,-7.95,162.37,327.25
39,1565405428,3648250228,0,200,320,0.27474,2.5974,0.036166,-7.95,202.37,327.25
39,1565405429,3648250229,0,200,320,0.27533,2.5973,0.035735,-7.95,202.37,327.25
39,1565405430,3648250230,0,200,320,0.27524,2.5972,0.034983,-7.95,202.37,327.25
39,1565405431,3648250231,0,200,320,0.27386,2.5971,0.034609,-7.95,202.37,327.25
39,1565405432,3648250232,0,200,320,0.27366,2.5971,0.033859,-7.95,202.37,327.25
40,1565405568,3648250368,0,40,160,0.28709,2.1554,0.50916,-7.95,42.37,167.25
40,1565405569,3648250369,0,40,160,0.28487,2.1558,0.50864,-7.95,42.37,167.25
40,1565405570,3648250370,0,40,160,0.28416,2.1557,0.50932,-7.95,42.37,167.25
40,1565405571,3648250371,0,40,160,0.28402,2.1558,0.50888,-7.95,42.37,167.25
40,1565405572,3648250372,0,40,160,0.28389,2.1559,0.50891,-7.95,42.37,167.25
41,1565405577,3648250377,0,80,160,0.26336,2.2385,0.44667,-7.95,82.37,167.25
41,1565405578,3648250378,0,80,160,0.26234,2.2387,0.44675,-7.95,82.37,167.25
41,1565405579,3648250379,0,80,160,0.26255,2.2387,0.44664,-7.95,82.37,167.25
41,1565405580,3648250380,0,80,160,0.26248,2.2389,0.44563,-7.95,82.37,167.25
41,1565405581,3648250381,0,80,160,0.26253,2.2388,0.44577,-7.95,82.37,167.25
42,1565405589,3648250389,0,120,160,0.21713,2.3007,0.3804,-7.95,122.37,167.25
42,1565405590,3648250390,0,120,160,0.21718,2.3007,0.38028,-7.95,122.37,167.25
42,1565405591,3648250391,0,120,160,0.21699,2.3008,0.37923,-7.95,122.37,167.25
42,1565405592,3648250392,0,120,160,0.21689,2.3008,0.37915,-7.95,122.37,167.25
42,1565405593,3648250393,0,120,160,0.21682,2.3008,0.37936,-7.95,122.37,167.25
43,1565405601,3648250401,0,160,160,0.149472,2.3414,0.32132,-7.95,162.37,167.25
43,1565405602,3648250402,0,160,160,0.148449,2.3415,0.3225,-7.95,162.37,167.25
43,1565405603,3648250403,0,160,160,0.148247,2.3415,0.32204,-7.95,162.37,167.25
43,1565405604,3648250404,0,160,160,0.147513,2.3416,0.32161,-7.95,162.37,167.25
43,1565405605,3648250405,0,160,160,0.147314,2.3416,0.3202,-7.95,162.37,167.25
44,1565405612,3648250412,0,200,160,0.067713,2.3648,0.26326,-7.95,202.37,167.25
44,1565405613,3648250413,0,200,160,0.06674,2.3647,0.26349,-7.95,202.37,167.25
44,1565405614,3648250414,0,200,160,0.067488,2.3647,0.26373,-7.95,202.37,167.25
44,1565405615,3648250415,0,200,160,0.066168,2.3645,0.26127,-7.95,202.37,167.25
44,1565405616,3648250416,0,200,160,0.066491,2.3645,0.26172,-7.95,202.37,167.25
45,1565405699,3648250499,0,40,120,0.30887,2.1032,0.47726,-7.95,42.37,127.25
45,1565405700,3648250500,0,40,120,0.30644,2.1034,0.47764,-7.95,42.37,127.25
45,1565405701,3648250501,0,40,120,0.30459,2.1037,0.47768,-7.95,42.37,127.25
45,1565405702,3648250502,0,40,120,0.30608,2.1035,0.47688,-7.95,42.37,127.25
45,1565405703,3648250503,0,40,120,0.30668,2.1033,0.47711,-7.95,42.37,127.25
46,1565405709,3648250509,0,80,120,0.27213,2.183,0.42575,-7.95,82.37,127.25
46,1565405710,3648250510,0,80,120,0.27064,2.1838,0.42247,-7.95,82.37,127.25
46,1565405711,3648250511,0,80,120,0.27057,2.185,0.41587,-7.95,82.37,127.25
46,1565405712,3648250512,0,80,120,0.27025,2.1851,0.41581,-7.95,82.37,127.25
46,1565405713,3648250513,0,80,120,0.27033,2.1851,0.41575,-7.95,82.37,127.25
47,1565405719,3648250519,0,120,120,0.21353,2.2441,0.3707,-7.95,122.37,127.25
47,1565405720,3648250520,0,120,120,0.21213,2.2444,0.36865,-7.95,122.37,127.25
47,1565405721,3648250521,0,120,120,0.21172,2.2444,0.36849,-7.95,122.37,127.25
47,1565405722,3648250522,0,120,120,0.21167,2.2444,0.36797,-7.95,122.37,127.25
47,1565405723,3648250523,0,120,120,0.21142,2.2445,0.36784,-7.95,122.37,127.25
48,1565405727,3648250527,0,160,120,0.140828,2.2874,0.31639,-7.95,162.37,127.25
48,1565405728,3648250528,0,160,120,0.138648,2.2872,0.31607,-7.95,162.37,127.25
48,1565405729,3648250529,0,160,120,0.137662,2.2873,0.31647,-7.95,162.37,127.25
48,1565405730,3648250530,0,160,120,0.137315,2.2873,0.3153,-7.95,162.37,127.25
48,1565405731,3648250531,0,160,120,0.137333,2.2873,0.31609,-7.95,162.37,127.25
49,1565405737,3648250537,0,200,120,0.055517,2.3144,0.26484,-7.95,202.37,127.25
49,1565405738,3648250538,0,200,120,0.054679,2.3143,0.26408,-7.95,202.37,127.25
49,1565405739,3648250539,0,200,120,0.054535,2.3144,0.26397,-7.95,202.37,127.25
49,1565405740,3648250540,0,200,120,0.054621,2.3144,0.26392,-7.95,202.37,127.25
49,1565405741,3648250541,0,200,120,0.055934,2.3146,0.26262,-7.95,202.37,127.25
50,1565405800,3648250600,0,40,80,0.32171,2.0658,0.44746,-7.95,42.37,87.25
50,1565405801,3648250601,0,40,80,0.32162,2.066,0.4468,-7.95,42.37,87.25
50,1565405802,3648250602,0,40,80,0.32155,2.0659,0.44698,-7.95,42.37,87.25
50,1565405803,3648250603,0,40,80,0.32129,2.066,0.44684,-7.95,42.37,87.25
50,1565405804,3648250604,0,40,80,0.32114,2.066,0.44687,-7.95,42.37,87.25
51,1565405807,3648250607,0,80,80,0.26435,2.1412,0.40725,-7.95,82.37,87.25
51,1565405808,3648250608,0,80,80,0.26098,2.1415,0.4068,-7.95,82.37,87.25
51,1565405809,3648250609,0,80,80,0.26303,2.1412,0.40725,-7.95,82.37,87.25
51,1565405810,3648250610,0,80,80,0.26245,2.1414,0.40635,-7.95,82.37,87.25
51,1565405811,3648250611,0,80,80,0.26246,2.1413,0.40688,-7.95,82.37,87.25
52,1565405817,3648250617,0,120,80,0.20039,2.1975,0.36317,-7.95,122.37,87.25
52,1565405818,3648250618,0,120,80,0.20071,2.1976,0.36188,-7.95,122.37,87.25
52,1565405819,3648250619,0,120,80,0.20112,2.1977,0.36131,-7.95,122.37,87.25
52,1565405820,3648250620,0,120,80,0.20142,2.1976,0.36133,-7.95,122.37,87.25
52,1565405821,3648250621,0,120,80,0.20103,2.1976,0.36169,-7.95,122.37,87.25
53,1565405827,3648250627,0,160,80,0.120616,2.2394,0.31851,-7.95,162.37,87.25
53,1565405828,3648250628,0,160,80,0.120376,2.2393,0.31933,-7.95,162.37,87.25
53,1565405829,3648250629,0,160,80,0.119286,2.2393,0.31938,-7.95,162.37,87.25
53,1565405830,3648250630,0,160,80,0.117999,2.2394,0.31914,-7.95,162.37,87.25
53,1565405831,3648250631,0,160,80,0.117849,2.2395,0.31857,-7.95,162.37,87.25
54,1565405836,3648250636,0,200,80,0.030052,2.2679,0.27145,-7.95,202.37,87.25
54,1565405837,3648250637,0,200,80,0.027148,2.2678,0.27207,-7.95,202.37,87.25
54,1565405838,3648250638,0,200,80,0.025125,2.2677,0.27219,-7.95,202.37,87.25
54,1565405839,3648250639,0,200,80,0.035278,2.2679,0.2695,-7.95,202.37,87.25
54,1565405840,3648250640,0,200,80,0.034811,2.2679,0.26925,-7.95,202.37,87.25
55,1565405876,3648250676,0,40,40,0.35254,2.0391,0.42187,-7.95,42.37,47.25
55,1565405877,3648250677,0,40,40,0.3524,2.0391,0.42176,-7.95,42.37,47.25
55,1565405878,3648250678,0,40,40,0.35213,2.0392,0.42176,-7.95,42.37,47.25
55,1565405879,3648250679,0,40,40,0.35176,2.0393,0.42159,-7.95,42.37,47.25
55,1565405880,3648250680,0,40,40,0.35173,2.0393,0.42148,-7.95,42.37,47.25
56,1565405886,3648250686,0,80,40,0.27926,2.1052,0.38583,-7.95,82.37,47.25
56,1565405887,3648250687,0,80,40,0.27994,2.105,0.38619,-7.95,82.37,47.25
56,1565405888,3648250688,0,80,40,0.2797,2.1051,0.38603,-7.95,82.37,47.25
56,1565405889,3648250689,0,80,40,0.27904,2.1052,0.38565,-7.95,82.37,47.25
56,1565405890,3648250690,0,80,40,0.27817,2.1054,0.38518,-7.95,82.37,47.25
57,1565405896,3648250696,0,120,40,0.20494,2.1578,0.34507,-7.95,122.37,47.25
57,1565405897,3648250697,0,120,40,0.20406,2.1578,0.34472,-7.95,122.37,47.25
57,1565405898,3648250698,0,120,40,0.20408,2.1579,0.34409,-7.95,122.37,47.25
57,1565405899,3648250699,0,120,40,0.20405,2.1579,0.34385,-7.95,122.37,47.25
57,1565405900,3648250700,0,120,40,0.20163,2.158,0.34448,-7.95,122.37,47.25
58,1565405907,3648250707,0,160,40,0.116685,2.1971,0.30892,-7.95,162.37,47.25
58,1565405908,3648250708,0,160,40,0.116609,2.1971,0.30848,-7.95,162.37,47.25
58,1565405909,3648250709,0,160,40,0.116861,2.1971,0.30858,-7.95,162.37,47.25
58,1565405910,3648250710,0,160,40,0.116573,2.1971,0.30884,-7.95,162.37,47.25
58,1565405911,3648250711,0,160,40,0.114835,2.1971,0.3092,-7.95,162.37,47.25
59,1565405928,3648250728,0,200,40,0.02041,2.2258,0.26536,-7.95,202.37,47.25
59,1565405929,3648250729,0,200,40,0.021774,2.226,0.26541,-7.95,202.37,47.25
59,1565405930,3648250730,0,200,40,0.022061,2.226,0.26582,-7.95,202.37,47.25
59,1565405931,3648250731,0,200,40,0.018481,2.2255,0.26574,-7.95,202.37,47.25
59,1565405932,3648250732,0,200,40,0.019496,2.2258,0.26597,-7.95,202.37,47.25
60,1565405963,3648250763,0,40,0,0.39308,2.0119,0.41118,-7.95,42.37,7.25
60,1565405964,3648250764,0,40,0,0.39272,2.0119,0.41151,-7.95,42.37,7.25
60,1565405965,3648250765,0,40,0,0.39167,2.0121,0.41159,-7.95,42.37,7.25
60,1565405966,3648250766,0,40,0,0.39298,2.012,0.41096,-7.95,42.37,7.25
60,1565405967,3648250767,0,40,0,0.39294,2.012,0.41097,-7.95,42.37,7.25
61,1565405974,3648250774,0,80,0,0.30119,2.0742,0.3694,-7.95,82.37,7.25
61,1565405975,3648250775,0,80,0,0.30057,2.0743,0.36925,-7.95,82.37,7.25
61,1565405976,3648250776,0,80,0,0.30001,2.0744,0.36914,-7.95,82.37,7.25
61,1565405977,3648250777,0,80,0,0.29918,2.0745,0.36898,-7.95,82.37,7.25
61,1565405978,3648250778,0,80,0,0.29903,2.0745,0.36947,-7.95,82.37,7.25
62,1565405985,3648250785,0,120,0,0.21268,2.1218,0.33381,-7.95,122.37,7.25
62,1565405986,3648250786,0,120,0,0.21171,2.1219,0.33425,-7.95,122.37,7.25
62,1565405987,3648250787,0,120,0,0.209,2.1221,0.33424,-7.95,122.37,7.25
62,1565405988,3648250788,0,120,0,0.20792,2.1222,0.3345,-7.95,122.37,7.25
62,1565405989,3648250789,0,120,0,0.21495,2.1218,0.33173,-7.95,122.37,7.25
63,1565405996,3648250796,0,160,0,0.109987,2.1596,0.29756,-7.95,162.37,7.25
63,1565405997,3648250797,0,160,0,0.109529,2.1596,0.29762,-7.95,162.37,7.25
63,1565405998,3648250798,0,160,0,0.108214,2.1595,0.29753,-7.95,162.37,7.25
63,1565405999,3648250799,0,160,0,0.106783,2.1595,0.29804,-7.95,162.37,7.25
63,1565406000,3648250800,0,160,0,0.097547,2.1599,0.29689,-7.95,162.37,7.25
64,1565406005,3648250805,0,200,0,0.011272,2.186,0.25592,-7.95,202.37,7.25
64,1565406006,3648250806,0,200,0,0.01115,2.186,0.25559,-7.95,202.37,7.25
64,1565406007,3648250807,0,200,0,0.010387,2.186,0.25362,-7.95,202.37,7.25
64,1565406008,3648250808,0,200,0,0.009892,2.186,0.25544,-7.95,202.37,7.25
64,1565406009,3648250809,0,200,0,0.010367,2.1861,0.25509,-7.95,202.37,7.25
65,1565406046,3648250846,0,40,-40,0.43778,1.9888,0.40535,-7.95,42.37,-32.75
65,1565406047,3648250847,0,40,-40,0.44038,1.9895,0.39875,-7.95,42.37,-32.75
65,1565406048,3648250848,0,40,-40,0.44,1.9903,0.39491,-7.95,42.37,-32.75
65,1565406049,3648250849,0,40,-40,0.43613,1.9906,0.3981,-7.95,42.37,-32.75
65,1565406050,3648250850,0,40,-40,0.43824,1.9906,0.39556,-7.95,42.37,-32.75
66,1565406056,3648250856,0,80,-40,0.33524,2.0464,0.36178,-7.95,82.37,-32.75
66,1565406057,3648250857,0,80,-40,0.33351,2.0468,0.36139,-7.95,82.37,-32.75
66,1565406058,3648250858,0,80,-40,0.33517,2.0463,0.36278,-7.95,82.37,-32.75
66,1565406059,3648250859,0,80,-40,0.33497,2.0464,0.36283,-7.95,82.37,-32.75
66,1565406060,3648250860,0,80,-40,0.33494,2.0463,0.36274,-7.95,82.37,-32.75
67,1565406066,3648250866,0,120,-40,0.23844,2.0908,0.32571,-7.95,122.37,-32.75
67,1565406067,3648250867,0,120,-40,0.23829,2.0909,0.32464,-7.95,122.37,-32.75
67,1565406068,3648250868,0,120,-40,0.23726,2.091,0.3245,-7.95,122.37,-32.75
67,1565406069,3648250869,0,120,-40,0.23865,2.091,0.32347,-7.95,122.37,-32.75
67,1565406070,3648250870,0,120,-40,0.23446,2.0913,0.32393,-7.95,122.37,-32.75
68,1565406076,3648250876,0,160,-40,0.128399,2.1257,0.2885,-7.95,162.37,-32.75
68,1565406077,3648250877,0,160,-40,0.127982,2.1255,0.28895,-7.95,162.37,-32.75
68,1565406078,3648250878,0,160,-40,0.127629,2.1255,0.28901,-7.95,162.37,-32.75
68,1565406079,3648250879,0,160,-40,0.12674,2.1256,0.2889,-7.95,162.37,-32.75
68,1565406080,3648250880,0,160,-40,0.126556,2.1256,0.28903,-7.95,162.37,-32.75
69,1565406088,3648250888,0,200,-40,0.023213,2.1501,0.24708,-7.95,202.37,-32.75
69,1565406089,3648250889,0,200,-40,0.022543,2.15,0.24645,-7.95,202.37,-32.75
69,1565406090,3648250890,0,200,-40,0.022847,2.1501,0.24691,-7.95,202.37,-32.75
69,1565406091,3648250891,0,200,-40,0.021612,2.1501,0.24721,-7.95,202.37,-32.75
69,1565406092,3648250892,0,200,-40,0.019503,2.15,0.24674,-7.95,202.37,-32.75
70,1565406146,3648250946,-20,40,-40,0.41447,1.9435,0.41437,-27.95,42.37,-32.75
70,1565406147,3648250947,-20,40,-40,0.41442,1.9436,0.41403,-27.95,42.37,-32.75
70,1565406148,3648250948,-20,40,-40,0.41391,1.9436,0.41404,-27.95,42.37,-32.75
70,1565406149,3648250949,-20,40,-40,0.41313,1.9439,0.41327,-27.95,42.37,-32.75
70,1565406150,3648250950,-20,40,-40,0.41293,1.944,0.41327,-27.95,42.37,-32.75
71,1565406154,3648250954,-20,80,-40,0.31306,1.9956,0.37988,-27.95,82.37,-32.75
71,1565406155,3648250955,-20,80,-40,0.31925,1.9955,0.37394,-27.95,82.37,-32.75
71,1565406156,3648250956,-20,80,-40,0.31774,1.9956,0.37396,-27.95,82.37,-32.75
71,1565406157,3648250957,-20,80,-40,0.31764,1.9956,0.37403,-27.95,82.37,-32.75
71,1565406158,3648250958,-20,80,-40,0.31716,1.9957,0.3733,-27.95,82.37,-32.75
72,1565406164,3648250964,-20,120,-40,0.22884,2.0382,0.33265,-27.95,122.37,-32.75
72,1565406165,3648250965,-20,120,-40,0.24286,2.038,0.31512,-27.95,122.37,-32.75
72,1565406166,3648250966,-20,120,-40,0.22721,2.0383,0.33186,-27.95,122.37,-32.75
72,1565406167,3648250967,-20,120,-40,0.22291,2.0385,0.3353,-27.95,122.37,-32.75
72,1565406168,3648250968,-20,120,-40,0.22285,2.0385,0.33524,-27.95,122.37,-32.75
73,1565406174,3648250974,-20,160,-40,0.116477,2.0719,0.30534,-27.95,162.37,-32.75
73,1565406175,3648250975,-20,160,-40,0.115724,2.0718,0.30461,-27.95,162.37,-32.75
73,1565406176,3648250976,-20,160,-40,0.115505,2.0718,0.30412,-27.95,162.37,-32.75
73,1565406177,3648250977,-20,160,-40,0.115178,2.0718,0.30392,-27.95,162.37,-32.75
73,1565406178,3648250978,-20,160,-40,0.113731,2.0719,0.30328,-27.95,162.37,-32.75
74,1565406188,3648250988,-20,200,-40,0.020551,2.0972,0.25901,-27.95,202.37,-32.75
74,1565406189,3648250989,-20,200,-40,0.01964,2.097,0.25742,-27.95,202.37,-32.75
74,1565406190,3648250990,-20,200,-40,0.019116,2.0969,0.25684,-27.95,202.37,-32.75
74,1565406191,3648250991,-20,200,-40,0.019465,2.0971,0.25717,-27.95,202.37,-32.75
74,1565406192,3648250992,-20,200,-40,0.019926,2.0973,0.2572,-27.95,202.37,-32.75
75,1565406229,3648251029,-20,40,0,0.36255,1.9719,0.44169,-27.95,42.37,7.25
75,1565406230,3648251030,-20,40,0,0.35865,1.9719,0.44569,-27.95,42.37,7.25
75,1565406231,3648251031,-20,40,0,0.36401,1.9719,0.44076,-27.95,42.37,7.25
75,1565406232,3648251032,-20,40,0,0.36436,1.972,0.44007,-27.95,42.37,7.25
75,1565406233,3648251033,-20,40,0,0.3643,1.972,0.43998,-27.95,42.37,7.25
76,1565406240,3648251040,-20,80,0,0.27962,2.0302,0.38992,-27.95,82.37,7.25
76,1565406241,3648251041,-20,80,0,0.27918,2.0302,0.39013,-27.95,82.37,7.25
76,1565406242,3648251042,-20,80,0,0.27909,2.0302,0.39041,-27.95,82.37,7.25
76,1565406243,3648251043,-20,80,0,0.27744,2.0304,0.39013,-27.95,82.37,7.25
76,1565406244,3648251044,-20,80,0,0.27741,2.0304,0.3901,-27.95,82.37,7.25
77,1565406252,3648251052,-20,120,0,0.19536,2.0757,0.352,-27.95,122.37,7.25
77,1565406253,3648251053,-20,120,0,0.19344,2.0755,0.35291,-27.95,122.37,7.25
77,1565406254,3648251054,-20,120,0,0.19345,2.0755,0.3526,-27.95,122.37,7.25
77,1565406255,3648251055,-20,120,0,0.19306,2.0755,0.35235,-27.95,122.37,7.25
77,1565406256,3648251056,-20,120,0,0.19476,2.0754,0.35174,-27.95,122.37,7.25
78,1565406261,3648251061,-20,160,0,0.098643,2.1113,0.31293,-27.95,162.37,7.25
78,1565406262,3648251062,-20,160,0,0.098648,2.1114,0.31222,-27.95,162.37,7.25
78,1565406263,3648251063,-20,160,0,0.098425,2.1114,0.312,-27.95,162.37,7.25
78,1565406264,3648251064,-20,160,0,0.098381,2.1115,0.31195,-27.95,162.37,7.25
78,1565406265,3648251065,-20,160,0,0.098168,2.1113,0.31318,-27.95,162.37,7.25
79,1565406273,3648251073,-20,200,0,0.008671,2.1378,0.26878,-27.95,202.37,7.25
79,1565406274,3648251074,-20,200,0,0.00836,2.1378,0.26773,-27.95,202.37,7.25
79,1565406275,3648251075,-20,200,0,0.008941,2.138,0.26746,-27.95,202.37,7.25
79,1565406276,3648251076,-20,200,0,0.00837,2.1379,0.26735,-27.95,202.37,7.25
79,1565406277,3648251077,-20,200,0,0.008144,2.1379,0.2675,-27.95,202.37,7.25
80,1565406319,3648251119,-20,40,40,0.32513,2.0053,0.45307,-27.95,42.37,47.25
80,1565406320,3648251120,-20,40,40,0.32499,2.0054,0.45267,-27.95,42.37,47.25
80,1565406321,3648251121,-20,40,40,0.32519,2.0054,0.45258,-27.95,42.37,47.25
80,1565406322,3648251122,-20,40,40,0.32516,2.0055,0.45179,-27.95,42.37,47.25
80,1565406323,3648251123,-20,40,40,0.32526,2.0057,0.45124,-27.95,42.37,47.25
81,1565406333,3648251133,-20,80,40,0.25589,2.067,0.40916,-27.95,82.37,47.25
81,1565406334,3648251134,-20,80,40,0.25614,2.067,0.4089,-27.95,82.37,47.25
81,1565406335,3648251135,-20,80,40,0.25595,2.0671,0.40852,-27.95,82.37,47.25
81,1565406336,3648251136,-20,80,40,0.25516,2.0674,0.40737,-27.95,82.37,47.25
81,1565406337,3648251137,-20,80,40,0.25534,2.0675,0.40664,-27.95,82.37,47.25
82,1565406345,3648251145,-20,120,40,0.18187,2.1177,0.35519,-27.95,122.37,47.25
82,1565406346,3648251146,-20,120,40,0.18157,2.1176,0.35578,-27.95,122.37,47.25
82,1565406347,3648251147,-20,120,40,0.1812,2.1175,0.35601,-27.95,122.37,47.25
82,1565406348,3648251148,-20,120,40,0.18104,2.1176,0.35594,-27.95,122.37,47.25
82,1565406349,3648251149,-20,120,40,0.18119,2.1176,0.35576,-27.95,122.37,47.25
83,1565406357,3648251157,-20,160,40,0.097483,2.1544,0.31706,-27.95,162.37,47.25
83,1565406358,3648251158,-20,160,40,0.09611,2.1543,0.31749,-27.95,162.37,47.25
83,1565406359,3648251159,-20,160,40,0.09365,2.1542,0.31699,-27.95,162.37,47.25
83,1565406360,3648251160,-20,160,40,0.094225,2.1543,0.31726,-27.95,162.37,47.25
83,1565406361,3648251161,-20,160,40,0.094016,2.1543,0.31652,-27.95,162.37,47.25
84,1565406368,3648251168,-20,200,40,0.013725,2.181,0.26802,-27.95,202.37,47.25
84,1565406369,3648251169,-20,200,40,0.009719,2.1808,0.27107,-27.95,202.37,47.25
84,1565406370,3648251170,-20,200,40,0.009257,2.1807,0.27069,-27.95,202.37,47.25
84,1565406371,3648251171,-20,200,40,0.010058,2.1809,0.2687,-27.95,202.37,47.25
84,1565406372,3648251172,-20,200,40,0.009839,2.1809,0.27033,-27.95,202.37,47.25
85,1565406416,3648251216,-20,40,80,0.29192,2.0441,0.46376,-27.95,42.37,87.25
85,1565406417,3648251217,-20,40,80,0.2921,2.0443,0.46265,-27.95,42.37,87.25
85,1565406418,3648251218,-20,40,80,0.29281,2.0445,0.46124,-27.95,42.37,87.25
85,1565406419,3648251219,-20,40,80,0.29317,2.0446,0.46069,-27.95,42.37,87.25
85,1565406420,3648251220,-20,40,80,0.29326,2.0446,0.46033,-27.95,42.37,87.25
86,1565406428,3648251228,-20,80,80,0.24104,2.1108,0.4089,-27.95,82.37,87.25
86,1565406429,3648251229,-20,80,80,0.24096,2.1108,0.4092,-27.95,82.37,87.25
86,1565406430,3648251230,-20,80,80,0.24119,2.1109,0.40832,-27.95,82.37,87.25
86,1565406431,3648251231,-20,80,80,0.24108,2.1109,0.40831,-27.95,82.37,87.25
86,1565406432,3648251232,-20,80,80,0.24111,2.1111,0.40713,-27.95,82.37,87.25
87,1565406437,3648251237,-20,120,80,0.178227,2.1611,0.3598,-27.95,122.37,87.25
87,1565406438,3648251238,-20,120,80,0.178174,2.1612,0.35945,-27.95,122.37,87.25
87,1565406439,3648251239,-20,120,80,0.180523,2.1611,0.35817,-27.95,122.37,87.25
87,1565406440,3648251240,-20,120,80,0.179802,2.1612,0.3582,-27.95,122.37,87.25
87,1565406441,3648251241,-20,120,80,0.179164,2.1614,0.35829,-27.95,122.37,87.25
88,1565406449,3648251249,-20,160,80,0.098636,2.1986,0.31154,-27.95,162.37,87.25
88,1565406450,3648251250,-20,160,80,0.095358,2.1986,0.3128,-27.95,162.37,87.25
88,1565406451,3648251251,-20,160,80,0.094295,2.1986,0.31201,-27.95,162.37,87.25
88,1565406452,3648251252,-20,160,80,0.095214,2.1987,0.31171,-27.95,162.37,87.25
88,1565406453,3648251253,-20,160,80,0.09476,2.1987,0.31103,-27.95,162.37,87.25
89,1565406458,3648251258,-20,200,80,0.018646,2.2235,0.26273,-27.95,202.37,87.25
89,1565406459,3648251259,-20,200,80,0.017184,2.2235,0.26271,-27.95,202.37,87.25
89,1565406460,3648251260,-20,200,80,0.017061,2.2235,0.26264,-27.95,202.37,87.25
89,1565406461,3648251261,-20,200,80,0.016829,2.2235,0.26296,-27.95,202.37,87.25
89,1565406462,3648251262,-20,200,80,0.0174,2.2236,0.26261,-27.95,202.37,87.25
90,1565406506,3648251306,-20,40,120,0.27152,2.0937,0.48241,-27.95,42.37,127.25
90,1565406507,3648251307,-20,40,120,0.27148,2.0938,0.48215,-27.95,42.37,127.25
90,1565406508,3648251308,-20,40,120,0.2722,2.0938,0.4815,-27.95,42.37,127.25
90,1565406509,3648251309,-20,40,120,0.27198,2.0938,0.48173,-27.95,42.37,127.25
90,1565406510,3648251310,-20,40,120,0.27062,2.0938,0.48288,-27.95,42.37,127.25
91,1565406515,3648251315,-20,80,120,0.23291,2.1618,0.42403,-27.95,82.37,127.25
91,1565406516,3648251316,-20,80,120,0.23101,2.1621,0.42333,-27.95,82.37,127.25
91,1565406517,3648251317,-20,80,120,0.231,2.162,0.42376,-27.95,82.37,127.25
91,1565406518,3648251318,-20,80,120,0.23184,2.1619,0.42385,-27.95,82.37,127.25
91,1565406519,3648251319,-20,80,120,0.23062,2.1621,0.42383,-27.95,82.37,127.25
92,1565406528,3648251328,-20,120,120,0.18309,2.2125,0.36616,-27.95,122.37,127.25
92,1565406529,3648251329,-20,120,120,0.18096,2.2127,0.36629,-27.95,122.37,127.25
92,1565406530,3648251330,-20,120,120,0.18062,2.2127,0.36639,-27.95,122.37,127.25
92,1565406531,3648251331,-20,120,120,0.18059,2.2127,0.36636,-27.95,122.37,127.25
92,1565406532,3648251332,-20,120,120,0.18032,2.2127,0.36607,-27.95,122.37,127.25
93,1565406538,3648251338,-20,160,120,0.110254,2.2491,0.31309,-27.95,162.37,127.25
93,1565406539,3648251339,-20,160,120,0.110185,2.2492,0.31171,-27.95,162.37,127.25
93,1565406540,3648251340,-20,160,120,0.109299,2.249,0.31124,-27.95,162.37,127.25
93,1565406541,3648251341,-20,160,120,0.10943,2.2492,0.30908,-27.95,162.37,127.25
93,1565406542,3648251342,-20,160,120,0.109454,2.2491,0.31088,-27.95,162.37,127.25
94,1565406548,3648251348,-20,200,120,0.03547,2.2715,0.25974,-27.95,202.37,127.25
94,1565406549,3648251349,-20,200,120,0.035448,2.2715,0.26068,-27.95,202.37,127.25
94,1565406550,3648251350,-20,200,120,0.036527,2.2716,0.26022,-27.95,202.37,127.25
94,1565406551,3648251351,-20,200,120,0.037609,2.2718,0.25881,-27.95,202.37,127.25
94,1565406552,3648251352,-20,200,120,0.036879,2.2717,0.25859,-27.95,202.37,127.25
95,1565406625,3648251425,-20,40,160,0.25846,2.1545,0.50864,-27.95,42.37,167.25
95,1565406626,3648251426,-20,40,160,0.2589,2.154,0.51071,-27.95,42.37,167.25
95,1565406627,3648251427,-20,40,160,0.25971,2.1551,0.50553,-27.95,42.37,167.25
95,1565406628,3648251428,-20,40,160,0.26093,2.155,0.50514,-27.95,42.37,167.25
95,1565406629,3648251429,-20,40,160,0.26004,2.1551,0.50533,-27.95,42.37,167.25
96,1565406633,3648251433,-20,80,160,0.2408,2.2226,0.43584,-27.95,82.37,167.25
96,1565406634,3648251434,-20,80,160,0.24082,2.2229,0.43403,-27.95,82.37,167.25
96,1565406635,3648251435,-20,80,160,0.24047,2.2231,0.43327,-27.95,82.37,167.25
96,1565406636,3648251436,-20,80,160,0.24046,2.2231,0.43338,-27.95,82.37,167.25
96,1565406637,3648251437,-20,80,160,0.24061,2.2231,0.43283,-27.95,82.37,167.25
97,1565406642,3648251442,-20,120,160,0.20897,2.272,0.36579,-27.95,122.37,167.25
97,1565406643,3648251443,-20,120,160,0.2012,2.2728,0.36489,-27.95,122.37,167.25
97,1565406644,3648251444,-20,120,160,0.20094,2.2728,0.36456,-27.95,122.37,167.25
97,1565406645,3648251445,-20,120,160,0.20389,2.2728,0.36193,-27.95,122.37,167.25
97,1565406646,3648251446,-20,120,160,0.20724,2.2727,0.35821,-27.95,122.37,167.25
98,1565406653,3648251453,-20,160,160,0.131524,2.3058,0.30491,-27.95,162.37,167.25
98,1565406654,3648251454,-20,160,160,0.13093,2.3058,0.30434,-27.95,162.37,167.25
98,1565406655,3648251455,-20,160,160,0.130555,2.3058,0.30438,-27.95,162.37,167.25
98,1565406656,3648251456,-20,160,160,0.130427,2.3059,0.30468,-27.95,162.37,167.25
98,1565406657,3648251457,-20,160,160,0.128604,2.3061,0.30387,-27.95,162.37,167.25
99,1565406663,3648251463,-20,200,160,0.053557,2.3233,0.24199,-27.95,202.37,167.25
99,1565406664,3648251464,-20,200,160,0.055391,2.3235,0.24129,-27.95,202.37,167.25
99,1565406665,3648251465,-20,200,160,0.055768,2.3236,0.24292,-27.95,202.37,167.25
99,1565406666,3648251466,-20,200,160,0.05471,2.3235,0.24156,-27.95,202.37,167.25
99,1565406667,3648251467,-20,200,160,0.054824,2.3235,0.24171,-27.95,202.37,167.25
100,1565406797,3648251597,-20,40,320,0.46545,2.5107,0.44586,-27.95,42.37,327.25
100,1565406798,3648251598,-20,40,320,0.46604,2.5103,0.44953,-27.95,42.37,327.25
100,1565406799,3648251599,-20,40,320,0.46497,2.5105,0.44964,-27.95,42.37,327.25
100,1565406800,3648251600,-20,40,320,0.4701,2.51,0.44707,-27.95,42.37,327.25
100,1565406801,3648251601,-20,40,320,0.46991,2.5104,0.44489,-27.95,42.37,327.25
101,1565406806,3648251606,-20,80,320,0.47852,2.6175,0.30044,-27.95,82.37,327.25
101,1565406807,3648251607,-20,80,320,0.47653,2.6179,0.30056,-27.95,82.37,327.25
101,1565406808,3648251608,-20,80,320,0.47606,2.618,0.29999,-27.95,82.37,327.25
101,1565406809,3648251609,-20,80,320,0.4761,2.618,0.29977,-27.95,82.37,327.25
101,1565406810,3648251610,-20,80,320,0.47588,2.6181,0.29935,-27.95,82.37,327.25
102,1565406816,3648251616,-20,120,320,0.4223,2.6345,0.163215,-27.95,122.37,327.25
102,1565406817,3648251617,-20,120,320,0.42178,2.6347,0.162121,-27.95,122.37,327.25
102,1565406818,3648251618,-20,120,320,0.42172,2.6347,0.162253,-27.95,122.37,327.25
102,1565406819,3648251619,-20,120,320,0.42229,2.6347,0.162583,-27.95,122.37,327.25
102,1565406820,3648251620,-20,120,320,0.42155,2.635,0.156511,-27.95,122.37,327.25
103,1565406827,3648251627,-20,160,320,0.33712,2.5983,0.052364,-27.95,162.37,327.25
103,1565406828,3648251628,-20,160,320,0.33332,2.5988,0.052515,-27.95,162.37,327.25
103,1565406829,3648251629,-20,160,320,0.33244,2.5987,0.05184,-27.95,162.37,327.25
103,1565406830,3648251630,-20,160,320,0.33127,2.5988,0.051943,-27.95,162.37,327.25
103,1565406831,3648251631,-20,160,320,0.33027,2.5989,0.052428,-27.95,162.37,327.25
104,1565406838,3648251638,-20,200,320,0.24242,2.5442,-0.014194,-27.95,202.37,327.25
104,1565406839,3648251639,-20,200,320,0.2422,2.5442,-0.014494,-27.95,202.37,327.25
104,1565406840,3648251640,-20,200,320,0.24158,2.5442,-0.014302,-27.95,202.37,327.25
104,1565406841,3648251641,-20,200,320,0.2415,2.5442,-0.015062,-27.95,202.37,327.25
104,1565406842,3648251642,-20,200,320,0.24014,2.5444,-0.01495,-27.95,202.37,327.25
105,1565406919,3648251719,-60,40,320,0.29201,2.5938,0.34008,-67.95,42.37,327.25
105,1565406920,3648251720,-60,40,320,0.29201,2.5938,0.34047,-67.95,42.37,327.25
105,1565406921,3648251721,-60,40,320,0.29205,2.5938,0.34042,-67.95,42.37,327.25
105,1565406922,3648251722,-60,40,320,0.29214,2.5938,0.34059,-67.95,42.37,327.25
105,1565406923,3648251723,-60,40,320,0.29213,2.5938,0.3407,-67.95,42.37,327.25
106,1565406929,3648251729,-60,80,320,0.34125,2.6049,0.21462,-67.95,82.37,327.25
106,1565406930,3648251730,-60,80,320,0.34013,2.605,0.21371,-67.95,82.37,327.25
106,1565406931,3648251731,-60,80,320,0.33809,2.6053,0.21464,-67.95,82.37,327.25
106,1565406932,3648251732,-60,80,320,0.33686,2.6055,0.2144,-67.95,82.37,327.25
106,1565406933,3648251733,-60,80,320,0.33691,2.6055,0.21421,-67.95,82.37,327.25
107,1565406938,3648251738,-60,120,320,0.31995,2.5775,0.09613,-67.95,122.37,327.25
107,1565406939,3648251739,-60,120,320,0.31965,2.5775,0.09515,-67.95,122.37,327.25
107,1565406940,3648251740,-60,120,320,0.31945,2.5775,0.093877,-67.95,122.37,327.25
107,1565406941,3648251741,-60,120,320,0.31944,2.5775,0.093291,-67.95,122.37,327.25
107,1565406942,3648251742,-60,120,320,0.31974,2.5775,0.093009,-67.95,122.37,327.25
108,1565406947,3648251747,-60,160,320,0.2629,2.5199,0.004974,-67.95,162.37,327.25
108,1565406948,3648251748,-60,160,320,0.2584,2.5202,0.001554,-67.95,162.37,327.25
108,1565406949,3648251749,-60,160,320,0.25875,2.5202,0.001474,-67.95,162.37,327.25
108,1565406950,3648251750,-60,160,320,0.25787,2.5201,0.000353,-67.95,162.37,327.25
108,1565406951,3648251751,-60,160,320,0.25735,2.5202,0.000757,-67.95,162.37,327.25
109,1565406958,3648251758,-60,200,320,0.18176,2.4572,-0.055396,-67.95,202.37,327.25
109,1565406959,3648251759,-60,200,320,0.18131,2.4574,-0.055244,-67.95,202.37,327.25
109,1565406960,3648251760,-60,200,320,0.18106,2.4572,-0.056525,-67.95,202.37,327.25
109,1565406961,3648251761,-60,200,320,0.18083,2.4572,-0.057012,-67.95,202.37,327.25
109,1565406962,3648251762,-60,200,320,0.1806,2.4571,-0.057667,-67.95,202.37,327.25
110,1565407032,3648251832,-60,40,160,0.19591,2.1644,0.49116,-67.95,42.37,167.25
110,1565407033,3648251833,-60,40,160,0.1943,2.1644,0.49226,-67.95,42.37,167.25
110,1565407034,3648251834,-60,40,160,0.19138,2.1647,0.49292,-67.95,42.37,167.25
110,1565407035,3648251835,-60,40,160,0.19679,2.164,0.49308,-67.95,42.37,167.25
110,1565407036,3648251836,-60,40,160,0.20621,2.1634,0.49046,-67.95,42.37,167.25
111,1565407046,3648251846,-60,80,160,0.18376,2.1995,0.40341,-67.95,82.37,167.25
111,1565407047,3648251847,-60,80,160,0.18427,2.1997,0.40243,-67.95,82.37,167.25
111,1565407048,3648251848,-60,80,160,0.18396,2.1997,0.40254,-67.95,82.37,167.25
111,1565407049,3648251849,-60,80,160,0.18398,2.1997,0.40231,-67.95,82.37,167.25
111,1565407050,3648251850,-60,80,160,0.18417,2.1997,0.40242,-67.95,82.37,167.25
112,1565407058,3648251858,-60,120,160,0.15087,2.2258,0.3295,-67.95,122.37,167.25
112,1565407059,3648251859,-60,120,160,0.151323,2.2258,0.32994,-67.95,122.37,167.25
112,1565407060,3648251860,-60,120,160,0.150214,2.2259,0.3295,-67.95,122.37,167.25
112,1565407061,3648251861,-60,120,160,0.150402,2.2259,0.32995,-67.95,122.37,167.25
112,1565407062,3648251862,-60,120,160,0.149837,2.2259,0.32998,-67.95,122.37,167.25
113,1565407070,3648251870,-60,160,160,0.091694,2.2422,0.26871,-67.95,162.37,167.25
113,1565407071,3648251871,-60,160,160,0.090124,2.2423,0.26806,-67.95,162.37,167.25
113,1565407072,3648251872,-60,160,160,0.090688,2.2423,0.26813,-67.95,162.37,167.25
113,1565407073,3648251873,-60,160,160,0.090252,2.2423,0.26796,-67.95,162.37,167.25
113,1565407074,3648251874,-60,160,160,0.088568,2.2423,0.26677,-67.95,162.37,167.25
114,1565407083,3648251883,-60,200,160,0.022244,2.2483,0.20791,-67.95,202.37,167.25
114,1565407084,3648251884,-60,200,160,0.021592,2.2482,0.20753,-67.95,202.37,167.25
114,1565407085,3648251885,-60,200,160,0.021673,2.2482,0.20721,-67.95,202.37,167.25
114,1565407086,3648251886,-60,200,160,0.021458,2.2482,0.20679,-67.95,202.37,167.25
114,1565407087,3648251887,-60,200,160,0.021526,2.2481,0.20729,-67.95,202.37,167.25
115,1565407119,3648251919,-60,40,120,0.23298,2.0756,0.4981,-67.95,42.37,127.25
115,1565407120,3648251920,-60,40,120,0.23316,2.0745,0.50274,-67.95,42.37,127.25
115,1565407121,3648251921,-60,40,120,0.23579,2.0746,0.5011,-67.95,42.37,127.25
115,1565407122,3648251922,-60,40,120,0.23514,2.0747,0.50124,-67.95,42.37,127.25
115,1565407123,3648251923,-60,40,120,0.23455,2.0749,0.50042,-67.95,42.37,127.25
116,1565407132,3648251932,-60,80,120,0.19605,2.1212,0.41884,-67.95,82.37,127.25
116,1565407133,3648251933,-60,80,120,0.19581,2.1211,0.4192,-67.95,82.37,127.25
116,1565407134,3648251934,-60,80,120,0.19588,2.1211,0.41903,-67.95,82.37,127.25
116,1565407135,3648251935,-60,80,120,0.19574,2.1212,0.41883,-67.95,82.37,127.25
116,1565407136,3648251936,-60,80,120,0.19577,2.1212,0.41857,-67.95,82.37,127.25
117,1565407145,3648251945,-60,120,120,0.147488,2.1545,0.36395,-67.95,122.37,127.25
117,1565407146,3648251946,-60,120,120,0.148413,2.1542,0.36648,-67.95,122.37,127.25
117,1565407147,3648251947,-60,120,120,0.146923,2.1544,0.36509,-67.95,122.37,127.25
117,1565407148,3648251948,-60,120,120,0.145131,2.1546,0.36505,-67.95,122.37,127.25
117,1565407149,3648251949,-60,120,120,0.145052,2.1545,0.36513,-67.95,122.37,127.25
118,1565407155,3648251955,-60,160,120,0.087945,2.1801,0.3013,-67.95,162.37,127.25
118,1565407156,3648251956,-60,160,120,0.086024,2.1801,0.3007,-67.95,162.37,127.25
118,1565407157,3648251957,-60,160,120,0.084337,2.1801,0.30139,-67.95,162.37,127.25
118,1565407158,3648251958,-60,160,120,0.084141,2.1802,0.30146,-67.95,162.37,127.25
118,1565407159,3648251959,-60,160,120,0.083958,2.1802,0.30137,-67.95,162.37,127.25
119,1565407165,3648251965,-60,200,120,0.01545,2.1948,0.24332,-67.95,202.37,127.25
119,1565407166,3648251966,-60,200,120,0.01293,2.1948,0.24379,-67.95,202.37,127.25
119,1565407167,3648251967,-60,200,120,0.012841,2.1948,0.24425,-67.95,202.37,127.25
119,1565407168,3648251968,-60,200,120,0.012776,2.1948,0.24507,-67.95,202.37,127.25
119,1565407169,3648251969,-60,200,120,0.012099,2.1947,0.24432,-67.95,202.37,127.25
120,1565407193,3648251993,-60,40,80,0.2419,2.0095,0.47596,-67.95,42.37,87.25
120,1565407194,3648251994,-60,40,80,0.24182,2.0095,0.47616,-67.95,42.37,87.25
120,1565407195,3648251995,-60,40,80,0.24153,2.0096,0.4758,-67.95,42.37,87.25
120,1565407196,3648251996,-60,40,80,0.24157,2.0096,0.47567,-67.95,42.37,87.25
120,1565407197,3648251997,-60,40,80,0.24181,2.0096,0.47523,-67.95,42.37,87.25
121,1565407203,3648252003,-60,80,80,0.19082,2.0584,0.40838,-67.95,82.37,87.25
121,1565407204,3648252004,-60,80,80,0.18985,2.0588,0.4067,-67.95,82.37,87.25
121,1565407205,3648252005,-60,80,80,0.19156,2.0586,0.40715,-67.95,82.37,87.25
121,1565407206,3648252006,-60,80,80,0.19169,2.0584,0.40873,-67.95,82.37,87.25
121,1565407207,3648252007,-60,80,80,0.19178,2.0588,0.40588,-67.95,82.37,87.25
122,1565407212,3648252012,-60,120,80,0.134895,2.098,0.34215,-67.95,122.37,87.25
122,1565407213,3648252013,-60,120,80,0.134051,2.0984,0.3398,-67.95,122.37,87.25
122,1565407214,3648252014,-60,120,80,0.13407,2.0986,0.33881,-67.95,122.37,87.25
122,1565407215,3648252015,-60,120,80,0.133937,2.0985,0.33961,-67.95,122.37,87.25
122,1565407216,3648252016,-60,120,80,0.135173,2.0985,0.33843,-67.95,122.37,87.25
123,1565407224,3648252024,-60,160,80,0.0631,2.1266,0.28587,-67.95,162.37,87.25
123,1565407225,3648252025,-60,160,80,0.061186,2.1266,0.28578,-67.95,162.37,87.25
123,1565407226,3648252026,-60,160,80,0.057038,2.1267,0.28571,-67.95,162.37,87.25
123,1565407227,3648252027,-60,160,80,0.05739,2.1267,0.28391,-67.95,162.37,87.25
123,1565407228,3648252028,-60,160,80,0.057567,2.1267,0.28522,-67.95,162.37,87.25
124,1565407233,3648252033,-60,200,80,-0.008312,2.1448,0.23095,-67.95,202.37,87.25
124,1565407234,3648252034,-60,200,80,-0.010042,2.1446,0.23044,-67.95,202.37,87.25
124,1565407235,3648252035,-60,200,80,-0.009803,2.1446,0.23099,-67.95,202.37,87.25
124,1565407236,3648252036,-60,200,80,-0.011582,2.1446,0.23099,-67.95,202.37,87.25
124,1565407237,3648252037,-60,200,80,-0.011518,2.1446,0.22983,-67.95,202.37,87.25
125,1565407255,3648252055,-60,40,40,0.27875,1.9511,0.46332,-67.95,42.37,47.25
125,1565407256,3648252056,-60,40,40,0.27792,1.9513,0.4634,-67.95,42.37,47.25
125,1565407257,3648252057,-60,40,40,0.27833,1.951,0.46431,-67.95,42.37,47.25
125,1565407258,3648252058,-60,40,40,0.27719,1.9511,0.46479,-67.95,42.37,47.25
125,1565407259,3648252059,-60,40,40,0.2783,1.9507,0.46616,-67.95,42.37,47.25
126,1565407263,3648252063,-60,80,40,0.21371,2.001,0.40694,-67.95,82.37,47.25
126,1565407264,3648252064,-60,80,40,0.21357,2.0012,0.40567,-67.95,82.37,47.25
126,1565407265,3648252065,-60,80,40,0.21349,2.0012,0.40522,-67.95,82.37,47.25
126,1565407266,3648252066,-60,80,40,0.21359,2.0012,0.40514,-67.95,82.37,47.25
126,1565407267,3648252067,-60,80,40,0.2132,2.0011,0.40619,-67.95,82.37,47.25
127,1565407276,3648252076,-60,120,40,0.145579,2.0417,0.35605,-67.95,122.37,47.25
127,1565407277,3648252077,-60,120,40,0.145498,2.0418,0.35547,-67.95,122.37,47.25
127,1565407278,3648252078,-60,120,40,0.144975,2.0418,0.35572,-67.95,122.37,47.25
127,1565407279,3648252079,-60,120,40,0.144017,2.0419,0.35503,-67.95,122.37,47.25
127,1565407280,3648252080,-60,120,40,0.143983,2.0419,0.3555,-67.95,122.37,47.25
128,1565407285,3648252085,-60,160,40,0.070333,2.0729,0.30816,-67.95,162.37,47.25
128,1565407286,3648252086,-60,160,40,0.067785,2.073,0.30828,-67.95,162.37,47.25
128,1565407287,3648252087,-60,160,40,0.067021,2.0731,0.30633,-67.95,162.37,47.25
128,1565407288,3648252088,-60,160,40,0.066694,2.0731,0.30683,-67.95,162.37,47.25
128,1565407289,3648252089,-60,160,40,0.065268,2.0731,0.30591,-67.95,162.37,47.25
129,1565407295,3648252095,-60,200,40,-0.009483,2.0957,0.25506,-67.95,202.37,47.25
129,1565407296,3648252096,-60,200,40,-0.01031,2.0957,0.25633,-67.95,202.37,47.25
129,1565407297,3648252097,-60,200,40,-0.013238,2.0956,0.25608,-67.95,202.37,47.25
129,1565407298,3648252098,-60,200,40,-0.01341,2.0956,0.25642,-67.95,202.37,47.25
129,1565407299,3648252099,-60,200,40,-0.013907,2.0956,0.25698,-67.95,202.37,47.25
130,1565407325,3648252125,-60,40,0,0.3253,1.9003,0.46053,-67.95,42.37,7.25
130,1565407326,3648252126,-60,40,0,0.32471,1.9004,0.46034,-67.95,42.37,7.25
130,1565407327,3648252127,-60,40,0,0.32462,1.9004,0.46036,-67.95,42.37,7.25
130,1565407328,3648252128,-60,40,0,0.32424,1.9003,0.46086,-67.95,42.37,7.25
130,1565407329,3648252129,-60,40,0,0.32328,1.9005,0.46078,-67.95,42.37,7.25
131,1565407336,3648252136,-60,80,0,0.24434,1.95,0.41013,-67.95,82.37,7.25
131,1565407337,3648252137,-60,80,0,0.2429,1.9504,0.40867,-67.95,82.37,7.25
131,1565407338,3648252138,-60,80,0,0.24213,1.9503,0.40973,-67.95,82.37,7.25
131,1565407339,3648252139,-60,80,0,0.23974,1.9503,0.41169,-67.95,82.37,7.25
131,1565407340,3648252140,-60,80,0,0.23983,1.9503,0.41195,-67.95,82.37,7.25
132,1565407349,3648252149,-60,120,0,0.167172,1.9932,0.35483,-67.95,122.37,7.25
132,1565407350,3648252150,-60,120,0,0.166975,1.9932,0.35449,-67.95,122.37,7.25
132,1565407351,3648252151,-60,120,0,0.166985,1.9932,0.35472,-67.95,122.37,7.25
132,1565407352,3648252152,-60,120,0,0.166949,1.9932,0.35474,-67.95,122.37,7.25
132,1565407353,3648252153,-60,120,0,0.166994,1.9932,0.35465,-67.95,122.37,7.25
133,1565407361,3648252161,-60,160,0,0.083218,2.0272,0.30571,-67.95,162.37,7.25
133,1565407362,3648252162,-60,160,0,0.082609,2.0271,0.30632,-67.95,162.37,7.25
133,1565407363,3648252163,-60,160,0,0.082074,2.0271,0.30578,-67.95,162.37,7.25
133,1565407364,3648252164,-60,160,0,0.081654,2.0272,0.30534,-67.95,162.37,7.25
133,1565407365,3648252165,-60,160,0,0.081413,2.0271,0.30553,-67.95,162.37,7.25
134,1565407373,3648252173,-60,200,0,-0.002047,2.0525,0.25371,-67.95,202.37,7.25
134,1565407374,3648252174,-60,200,0,-0.005754,2.0523,0.25332,-67.95,202.37,7.25
134,1565407375,3648252175,-60,200,0,-0.005272,2.0524,0.25386,-67.95,202.37,7.25
134,1565407376,3648252176,-60,200,0,-0.006396,2.0522,0.25426,-67.95,202.37,7.25
134,1565407377,3648252177,-60,200,0,-0.005459,2.0525,0.25346,-67.95,202.37,7.25
135,1565407471,3648252271,-60,40,-40,0.35317,1.8555,0.45793,-67.95,42.37,-32.75
135,1565407472,3648252272,-60,40,-40,0.35365,1.8557,0.45668,-67.95,42.37,-32.75
135,1565407473,3648252273,-60,40,-40,0.35346,1.8556,0.4571,-67.95,42.37,-32.75
135,1565407474,3648252274,-60,40,-40,0.35345,1.8557,0.45681,-67.95,42.37,-32.75
135,1565407475,3648252275,-60,40,-40,0.35389,1.8558,0.45581,-67.95,42.37,-32.75
136,1565407484,3648252284,-60,80,-40,0.26442,1.9046,0.39667,-67.95,82.37,-32.75
136,1565407485,3648252285,-60,80,-40,0.26173,1.9048,0.39747,-67.95,82.37,-32.75
136,1565407486,3648252286,-60,80,-40,0.26123,1.9047,0.39842,-67.95,82.37,-32.75
136,1565407487,3648252287,-60,80,-40,0.2612,1.9045,0.39979,-67.95,82.37,-32.75
136,1565407488,3648252288,-60,80,-40,0.26169,1.9048,0.39737,-67.95,82.37,-32.75
137,1565407494,3648252294,-60,120,-40,0.171692,1.9456,0.35058,-67.95,122.37,-32.75
137,1565407495,3648252295,-60,120,-40,0.168904,1.9458,0.35097,-67.95,122.37,-32.75
137,1565407496,3648252296,-60,120,-40,0.168129,1.9458,0.35047,-67.95,122.37,-32.75
137,1565407497,3648252297,-60,120,-40,0.167072,1.9458,0.35057,-67.95,122.37,-32.75
137,1565407498,3648252298,-60,120,-40,0.174662,1.9449,0.35125,-67.95,122.37,-32.75
138,1565407503,3648252303,-60,160,-40,0.084573,1.9787,0.29747,-67.95,162.37,-32.75
138,1565407504,3648252304,-60,160,-40,0.085293,1.9788,0.29512,-67.95,162.37,-32.75
138,1565407505,3648252305,-60,160,-40,0.084681,1.9788,0.29598,-67.95,162.37,-32.75
138,1565407506,3648252306,-60,160,-40,0.084422,1.9787,0.29534,-67.95,162.37,-32.75
138,1565407507,3648252307,-60,160,-40,0.084518,1.9787,0.29575,-67.95,162.37,-32.75
139,1565407515,3648252315,-60,200,-40,-0.010278,2.0036,0.24776,-67.95,202.37,-32.75
139,1565407516,3648252316,-60,200,-40,-0.010723,2.0036,0.24607,-67.95,202.37,-32.75
139,1565407517,3648252317,-60,200,-40,-0.011779,2.0037,0.24572,-67.95,202.37,-32.75
139,1565407518,3648252318,-60,200,-40,-0.011401,2.0037,0.24598,-67.95,202.37,-32.75
139,1565407519,3648252319,-60,200,-40,-0.012374,2.0037,0.24625,-67.95,202.37,-32.75
140,1565407637,3648252437,-60,40,200,0.20303,2.2555,0.50613,-67.95,42.37,207.25
140,1565407638,3648252438,-60,40,200,0.20291,2.2554,0.50659,-67.95,42.37,207.25
140,1565407639,3648252439,-60,40,200,0.20299,2.2554,0.50662,-67.95,42.37,207.25
140,1565407640,3648252440,-60,40,200,0.20291,2.2555,0.50623,-67.95,42.37,207.25
140,1565407641,3648252441,-60,40,200,0.20265,2.2558,0.50532,-67.95,42.37,207.25
141,1565407650,3648252450,-60,80,200,0.20003,2.2823,0.4004,-67.95,82.37,207.25
141,1565407651,3648252451,-60,80,200,0.2009,2.2821,0.40121,-67.95,82.37,207.25
141,1565407652,3648252452,-60,80,200,0.20009,2.2821,0.40113,-67.95,82.37,207.25
141,1565407653,3648252453,-60,80,200,0.19976,2.2822,0.40103,-67.95,82.37,207.25
141,1565407654,3648252454,-60,80,200,0.19939,2.2822,0.40074,-67.95,82.37,207.25
142,1565407662,3648252462,-60,120,200,0.170484,2.2999,0.31672,-67.95,122.37,207.25
142,1565407663,3648252463,-60,120,200,0.176361,2.2994,0.31444,-67.95,122.37,207.25
142,1565407664,3648252464,-60,120,200,0.177213,2.2994,0.3134,-67.95,122.37,207.25
142,1565407665,3648252465,-60,120,200,0.17921,2.2993,0.31217,-67.95,122.37,207.25
142,1565407666,3648252466,-60,120,200,0.178415,2.2994,0.31286,-67.95,122.37,207.25
143,1565407676,3648252476,-60,160,200,0.120194,2.3069,0.23955,-67.95,162.37,207.25
143,1565407677,3648252477,-60,160,200,0.118003,2.3071,0.24149,-67.95,162.37,207.25
143,1565407678,3648252478,-60,160,200,0.117274,2.307,0.24081,-67.95,162.37,207.25
143,1565407679,3648252479,-60,160,200,0.115694,2.3069,0.2401,-67.95,162.37,207.25
143,1565407680,3648252480,-60,160,200,0.115474,2.307,0.24002,-67.95,162.37,207.25
144,1565407689,3648252489,-60,200,200,0.049133,2.3026,0.173385,-67.95,202.37,207.25
144,1565407690,3648252490,-60,200,200,0.049139,2.3026,0.172345,-67.95,202.37,207.25
144,1565407691,3648252491,-60,200,200,0.049776,2.3028,0.174201,-67.95,202.37,207.25
144,1565407692,3648252492,-60,200,200,0.048576,2.3026,0.173195,-67.95,202.37,207.25
144,1565407693,3648252493,-60,200,200,0.047911,2.3025,0.172723,-67.95,202.37,207.25
145,1565407721,3648252521,-60,40,240,0.21305,2.3683,0.45597,-67.95,42.37,247.25
145,1565407722,3648252522,-60,40,240,0.21267,2.3684,0.45622,-67.95,42.37,247.25
145,1565407723,3648252523,-60,40,240,0.21133,2.3687,0.45486,-67.95,42.37,247.25
145,1565407724,3648252524,-60,40,240,0.21032,2.3685,0.45713,-67.95,42.37,247.25
145,1565407725,3648252525,-60,40,240,0.2102,2.3685,0.45697,-67.95,42.37,247.25
146,1565407731,3648252531,-60,80,240,0.22853,2.3809,0.34735,-67.95,82.37,247.25
146,1565407732,3648252532,-60,80,240,0.22862,2.3809,0.34692,-67.95,82.37,247.25
146,1565407733,3648252533,-60,80,240,0.22833,2.3809,0.347,-67.95,82.37,247.25
146,1565407734,3648252534,-60,80,240,0.22775,2.381,0.34683,-67.95,82.37,247.25
146,1565407735,3648252535,-60,80,240,0.22804,2.3809,0.34694,-67.95,82.37,247.25
147,1565407744,3648252544,-60,120,240,0.20324,2.3847,0.25574,-67.95,122.37,247.25
147,1565407745,3648252545,-60,120,240,0.2026,2.3847,0.25512,-67.95,122.37,247.25
147,1565407746,3648252546,-60,120,240,0.20271,2.3847,0.25494,-67.95,122.37,247.25
147,1565407747,3648252547,-60,120,240,0.20239,2.3848,0.25495,-67.95,122.37,247.25
147,1565407748,3648252548,-60,120,240,0.20216,2.3848,0.25513,-67.95,122.37,247.25
148,1565407756,3648252556,-60,160,240,0.152183,2.3762,0.174095,-67.95,162.37,247.25
148,1565407757,3648252557,-60,160,240,0.152346,2.3762,0.174798,-67.95,162.37,247.25
148,1565407758,3648252558,-60,160,240,0.152062,2.3762,0.174489,-67.95,162.37,247.25
148,1565407759,3648252559,-60,160,240,0.15199,2.3762,0.174544,-67.95,162.37,247.25
148,1565407760,3648252560,-60,160,240,0.151689,2.3762,0.174526,-67.95,162.37,247.25
149,1565407766,3648252566,-60,200,240,0.087185,2.3573,0.104809,-67.95,202.37,247.25
149,1565407767,3648252567,-60,200,240,0.084168,2.3572,0.104829,-67.95,202.37,247.25
149,1565407768,3648252568,-60,200,240,0.07955,2.3573,0.105024,-67.95,202.37,247.25
149,1565407769,3648252569,-60,200,240,0.079663,2.3573,0.104433,-67.95,202.37,247.25
149,1565407770,3648252570,-60,200,240,0.079052,2.3572,0.104172,-67.95,202.37,247.25
150,1565407858,3648252658,-60,40,280,0.25963,2.4765,0.41601,-67.95,42.37,287.25
150,1565407859,3648252659,-60,40,280,0.25958,2.4766,0.41549,-67.95,42.37,287.25
150,1565407860,3648252660,-60,40,280,0.25939,2.4766,0.41552,-67.95,42.37,287.25
150,1565407861,3648252661,-60,40,280,0.2576,2.4772,0.41294,-67.95,42.37,287.25
150,1565407862,3648252662,-60,40,280,0.25464,2.4773,0.41313,-67.95,42.37,287.25
151,1565407868,3648252668,-60,80,280,0.28974,2.4838,0.30319,-67.95,82.37,287.25
151,1565407869,3648252669,-60,80,280,0.28964,2.4838,0.30349,-67.95,82.37,287.25
151,1565407870,3648252670,-60,80,280,0.28959,2.4838,0.30364,-67.95,82.37,287.25
151,1565407871,3648252671,-60,80,280,0.28965,2.4838,0.30389,-67.95,82.37,287.25
151,1565407872,3648252672,-60,80,280,0.28946,2.4838,0.30327,-67.95,82.37,287.25
152,1565407881,3648252681,-60,120,280,0.27025,2.4756,0.1975,-67.95,122.37,287.25
152,1565407882,3648252682,-60,120,280,0.27008,2.4756,0.1973,-67.95,122.37,287.25
152,1565407883,3648252683,-60,120,280,0.27006,2.4756,0.19647,-67.95,122.37,287.25
152,1565407884,3648252684,-60,120,280,0.26993,2.4756,0.19659,-67.95,122.37,287.25
152,1565407885,3648252685,-60,120,280,0.26982,2.4756,0.19572,-67.95,122.37,287.25
153,1565407893,3648252693,-60,160,280,0.21469,2.4503,0.102091,-67.95,162.37,287.25
153,1565407894,3648252694,-60,160,280,0.21527,2.4502,0.102477,-67.95,162.37,287.25
153,1565407895,3648252695,-60,160,280,0.2157,2.4502,0.102093,-67.95,162.37,287.25
153,1565407896,3648252696,-60,160,280,0.21567,2.45,0.100098,-67.95,162.37,287.25
153,1565407897,3648252697,-60,160,280,0.21484,2.45,0.099435,-67.95,162.37,287.25
154,1565407908,3648252708,-60,200,280,0.148029,2.4133,0.047012,-67.95,202.37,287.25
154,1565407909,3648252709,-60,200,280,0.147327,2.4132,0.045237,-67.95,202.37,287.25
154,1565407910,3648252710,-60,200,280,0.147343,2.4131,0.044823,-67.95,202.37,287.25
154,1565407911,3648252711,-60,200,280,0.147252,2.4132,0.044925,-67.95,202.37,287.25
154,1565407912,3648252712,-60,200,280,0.147353,2.413,0.043175,-67.95,202.37,287.25
155,1565408066,3648252866,-20,40,280,0.33095,2.4006,0.54216,-27.95,42.37,287.25
155,1565408067,3648252867,-20,40,280,0.33121,2.4007,0.54218,-27.95,42.37,287.25
155,1565408068,3648252868,-20,40,280,0.3309,2.4008,0.54217,-27.95,42.37,287.25
155,1565408069,3648252869,-20,40,280,0.33055,2.4009,0.54187,-27.95,42.37,287.25
155,1565408070,3648252870,-20,40,280,0.33038,2.401,0.54169,-27.95,42.37,287.25
156,1565408082,3648252882,-20,80,280,0.35212,2.4876,0.42955,-27.95,82.37,287.25
156,1565408083,3648252883,-20,80,280,0.35191,2.4879,0.42682,-27.95,82.37,287.25
156,1565408084,3648252884,-20,80,280,0.35202,2.4879,0.42698,-27.95,82.37,287.25
156,1565408085,3648252885,-20,80,280,0.35231,2.4879,0.42709,-27.95,82.37,287.25
156,1565408086,3648252886,-20,80,280,0.35271,2.4878,0.42675,-27.95,82.37,287.25
157,1565408092,3648252892,-20,120,280,0.31981,2.5238,0.31252,-27.95,122.37,287.25
157,1565408093,3648252893,-20,120,280,0.32048,2.5237,0.31029,-27.95,122.37,287.25
157,1565408094,3648252894,-20,120,280,0.32442,2.5234,0.30647,-27.95,122.37,287.25
157,1565408095,3648252895,-20,120,280,0.32159,2.5236,0.31116,-27.95,122.37,287.25
157,1565408096,3648252896,-20,120,280,0.32041,2.5237,0.31096,-27.95,122.37,287.25
158,1565408104,3648252904,-20,160,280,0.25569,2.5211,0.21927,-27.95,162.37,287.25
158,1565408105,3648252905,-20,160,280,0.25291,2.5212,0.21867,-27.95,162.37,287.25
158,1565408106,3648252906,-20,160,280,0.2536,2.5212,0.2189,-27.95,162.37,287.25
158,1565408107,3648252907,-20,160,280,0.25375,2.5212,0.21862,-27.95,162.37,287.25
158,1565408108,3648252908,-20,160,280,0.25342,2.5212,0.21816,-27.95,162.37,287.25
159,1565408114,3648252914,-20,200,280,0.175888,2.498,0.141407,-27.95,202.37,287.25
159,1565408115,3648252915,-20,200,280,0.17561,2.4978,0.140673,-27.95,202.37,287.25
159,1565408116,3648252916,-20,200,280,0.175397,2.4978,0.140458,-27.95,202.37,287.25
159,1565408117,3648252917,-20,200,280,0.174831,2.4978,0.139701,-27.95,202.37,287.25
159,1565408118,3648252918,-20,200,280,0.174848,2.4978,0.139144,-27.95,202.37,287.25
160,1565408208,3648253008,0,40,280,0.3856,2.3747,0.58817,-7.95,42.37,287.25
160,1565408209,3648253009,0,40,280,0.38327,2.3749,0.58884,-7.95,42.37,287.25
160,1565408210,3648253010,0,40,280,0.38342,2.375,0.58797,-7.95,42.37,287.25
160,1565408211,3648253011,0,40,280,0.38338,2.375,0.58852,-7.95,42.37,287.25
160,1565408212,3648253012,0,40,280,0.38347,2.3749,0.58882,-7.95,42.37,287.25
161,1565408219,3648253019,0,80,280,0.38957,2.4986,0.46991,-7.95,82.37,287.25
161,1565408220,3648253020,0,80,280,0.38931,2.4988,0.46825,-7.95,82.37,287.25
161,1565408221,3648253021,0,80,280,0.3891,2.4988,0.46794,-7.95,82.37,287.25
161,1565408222,3648253022,0,80,280,0.38906,2.4988,0.46831,-7.95,82.37,287.25
161,1565408223,3648253023,0,80,280,0.38911,2.4988,0.46811,-7.95,82.37,287.25
162,1565408230,3648253030,0,120,280,0.35008,2.5506,0.35171,-7.95,122.37,287.25
162,1565408231,3648253031,0,120,280,0.34975,2.5507,0.35152,-7.95,122.37,287.25
162,1565408232,3648253032,0,120,280,0.34895,2.5518,0.3431,-7.95,122.37,287.25
162,1565408233,3648253033,0,120,280,0.34764,2.552,0.34355,-7.95,122.37,287.25
162,1565408234,3648253034,0,120,280,0.34911,2.5518,0.34312,-7.95,122.37,287.25
163,1565408240,3648253040,0,160,280,0.27541,2.5596,0.23398,-7.95,162.37,287.25
163,1565408241,3648253041,0,160,280,0.27467,2.5596,0.23382,-7.95,162.37,287.25
163,1565408242,3648253042,0,160,280,0.27413,2.5598,0.23445,-7.95,162.37,287.25
163,1565408243,3648253043,0,160,280,0.27173,2.56,0.23386,-7.95,162.37,287.25
163,1565408244,3648253044,0,160,280,0.27188,2.56,0.23418,-7.95,162.37,287.25
164,1565408250,3648253050,0,200,280,0.1841,2.542,0.147546,-7.95,202.37,287.25
164,1565408251,3648253051,0,200,280,0.18383,2.5421,0.148589,-7.95,202.37,287.25
164,1565408252,3648253052,0,200,280,0.18389,2.5421,0.14849,-7.95,202.37,287.25
164,1565408253,3648253053,0,200,280,0.18387,2.5421,0.148386,-7.95,202.37,287.25
164,1565408254,3648253054,0,200,280,0.18365,2.5421,0.147698,-7.95,202.37,287.25
165,1565408329,3648253129,20,40,280,0.46484,2.3557,0.65027,12.05,42.37,287.25
165,1565408330,3648253130,20,40,280,0.46472,2.3557,0.65051,12.05,42.37,287.25
165,1565408331,3648253131,20,40,280,0.46418,2.3558,0.65055,12.05,42.37,287.25
165,1565408332,3648253132,20,40,280,0.46434,2.3558,0.6504,12.05,42.37,287.25
165,1565408333,3648253133,20,40,280,0.4644,2.3558,0.65001,12.05,42.37,287.25
166,1565408339,3648253139,20,80,280,0.45597,2.5152,0.51516,12.05,82.37,287.25
166,1565408340,3648253140,20,80,280,0.45395,2.5154,0.51627,12.05,82.37,287.25
166,1565408341,3648253141,20,80,280,0.45342,2.5156,0.51524,12.05,82.37,287.25
166,1565408342,3648253142,20,80,280,0.45329,2.5161,0.51271,12.05,82.37,287.25
166,1565408343,3648253143,20,80,280,0.45324,2.5165,0.51069,12.05,82.37,287.25
167,1565408349,3648253149,20,120,280,0.39812,2.584,0.38307,12.05,122.37,287.25
167,1565408350,3648253150,20,120,280,0.39791,2.584,0.38203,12.05,122.37,287.25
167,1565408351,3648253151,20,120,280,0.39787,2.5841,0.38131,12.05,122.37,287.25
167,1565408352,3648253152,20,120,280,0.39725,2.5842,0.38086,12.05,122.37,287.25
167,1565408353,3648253153,20,120,280,0.39767,2.5842,0.3806,12.05,122.37,287.25
168,1565408358,3648253158,20,160,280,0.31905,2.6012,0.26602,12.05,162.37,287.25
168,1565408359,3648253159,20,160,280,0.3176,2.6012,0.26583,12.05,162.37,287.25
168,1565408360,3648253160,20,160,280,0.31737,2.6013,0.26569,12.05,162.37,287.25
168,1565408361,3648253161,20,160,280,0.31711,2.6014,0.26691,12.05,162.37,287.25
168,1565408362,3648253162,20,160,280,0.31585,2.6015,0.2662,12.05,162.37,287.25
169,1565408368,3648253168,20,200,280,0.22508,2.591,0.18072,12.05,202.37,287.25
169,1565408369,3648253169,20,200,280,0.22439,2.5909,0.18079,12.05,202.37,287.25
169,1565408370,3648253170,20,200,280,0.22998,2.5905,0.179617,12.05,202.37,287.25
169,1565408371,3648253171,20,200,280,0.2302,2.5906,0.180126,12.05,202.37,287.25
169,1565408372,3648253172,20,200,280,0.22881,2.5905,0.178972,12.05,202.37,287.25
170,1565408470,3648253270,20,40,240,0.35392,2.271,0.58155,12.05,42.37,247.25
170,1565408471,3648253271,20,40,240,0.354,2.271,0.58151,12.05,42.37,247.25
170,1565408472,3648253272,20,40,240,0.35398,2.271,0.58146,12.05,42.37,247.25
170,1565408473,3648253273,20,40,240,0.35373,2.271,0.58162,12.05,42.37,247.25
170,1565408474,3648253274,20,40,240,0.354,2.271,0.58139,12.05,42.37,247.25
171,1565408481,3648253281,20,80,240,0.35895,2.3987,0.49597,12.05,82.37,247.25
171,1565408482,3648253282,20,80,240,0.35484,2.3993,0.49678,12.05,82.37,247.25
171,1565408483,3648253283,20,80,240,0.35245,2.3996,0.49648,12.05,82.37,247.25
171,1565408484,3648253284,20,80,240,0.35981,2.3987,0.4955,12.05,82.37,247.25
171,1565408485,3648253285,20,80,240,0.35659,2.399,0.49662,12.05,82.37,247.25
172,1565408494,3648253294,20,120,240,0.31402,2.4756,0.40116,12.05,122.37,247.25
172,1565408495,3648253295,20,120,240,0.31306,2.4756,0.40233,12.05,122.37,247.25
172,1565408496,3648253296,20,120,240,0.3137,2.4755,0.4029,12.05,122.37,247.25
172,1565408497,3648253297,20,120,240,0.31321,2.4756,0.40286,12.05,122.37,247.25
172,1565408498,3648253298,20,120,240,0.31268,2.4757,0.40251,12.05,122.37,247.25
173,1565408503,3648253303,20,160,240,0.25266,2.5124,0.31261,12.05,162.37,247.25
173,1565408504,3648253304,20,160,240,0.25155,2.5128,0.31352,12.05,162.37,247.25
173,1565408505,3648253305,20,160,240,0.24578,2.513,0.31376,12.05,162.37,247.25
173,1565408506,3648253306,20,160,240,0.24526,2.513,0.31335,12.05,162.37,247.25
173,1565408507,3648253307,20,160,240,0.24449,2.513,0.31252,12.05,162.37,247.25
174,1565408513,3648253313,20,200,240,0.155556,2.5242,0.23437,12.05,202.37,247.25
174,1565408514,3648253314,20,200,240,0.155118,2.5242,0.23417,12.05,202.37,247.25
174,1565408515,3648253315,20,200,240,0.155242,2.5241,0.23328,12.05,202.37,247.25
174,1565408516,3648253316,20,200,240,0.153797,2.524,0.23378,12.05,202.37,247.25
174,1565408517,3648253317,20,200,240,0.153646,2.524,0.23309,12.05,202.37,247.25
175,1565408558,3648253358,0,40,240,0.3058,2.2904,0.54488,-7.95,42.37,247.25
175,1565408559,3648253359,0,40,240,0.30565,2.2905,0.54444,-7.95,42.37,247.25
175,1565408560,3648253360,0,40,240,0.30472,2.2906,0.54486,-7.95,42.37,247.25
175,1565408561,3648253361,0,40,240,0.30366,2.2907,0.54508,-7.95,42.37,247.25
175,1565408562,3648253362,0,40,240,0.30388,2.2907,0.54475,-7.95,42.37,247.25
176,1565408567,3648253367,0,80,240,0.31993,2.3907,0.44866,-7.95,82.37,247.25
176,1565408568,3648253368,0,80,240,0.31949,2.3911,0.4459,-7.95,82.37,247.25
176,1565408569,3648253369,0,80,240,0.31877,2.3911,0.44663,-7.95,82.37,247.25
176,1565408570,3648253370,0,80,240,0.31756,2.3911,0.44754,-7.95,82.37,247.25
176,1565408571,3648253371,0,80,240,0.31732,2.3913,0.44638,-7.95,82.37,247.25
177,1565408577,3648253377,0,120,240,0.29555,2.448,0.35832,-7.95,122.37,247.25
177,1565408578,3648253378,0,120,240,0.28769,2.4488,0.35983,-7.95,122.37,247.25
177,1565408579,3648253379,0,120,240,0.28595,2.449,0.36047,-7.95,122.37,247.25
177,1565408580,3648253380,0,120,240,0.28597,2.449,0.3606,-7.95,122.37,247.25
177,1565408581,3648253381,0,120,240,0.28567,2.449,0.36058,-7.95,122.37,247.25
178,1565408585,3648253385,0,160,240,0.22613,2.475,0.26802,-7.95,162.37,247.25
178,1565408586,3648253386,0,160,240,0.222,2.4753,0.27313,-7.95,162.37,247.25
178,1565408587,3648253387,0,160,240,0.21797,2.4756,0.27255,-7.95,162.37,247.25
178,1565408588,3648253388,0,160,240,0.21779,2.4755,0.27302,-7.95,162.37,247.25
178,1565408589,3648253389,0,160,240,0.21775,2.4755,0.27269,-7.95,162.37,247.25
179,1565408597,3648253397,0,200,240,0.135999,2.4784,0.19997,-7.95,202.37,247.25
179,1565408598,3648253398,0,200,240,0.13534,2.4784,0.2002,-7.95,202.37,247.25
179,1565408599,3648253399,0,200,240,0.135491,2.4784,0.1995,-7.95,202.37,247.25
179,1565408600,3648253400,0,200,240,0.135217,2.4783,0.19897,-7.95,202.37,247.25
179,1565408601,3648253401,0,200,240,0.135295,2.4783,0.19897,-7.95,202.37,247.25
180,1565408717,3648253517,-20,40,240,0.28087,2.312,0.52033,-27.95,42.37,247.25
180,1565408718,3648253518,-20,40,240,0.2808,2.3121,0.52014,-27.95,42.37,247.25
180,1565408719,3648253519,-20,40,240,0.28082,2.3122,0.51985,-27.95,42.37,247.25
180,1565408720,3648253520,-20,40,240,0.28125,2.3128,0.51688,-27.95,42.37,247.25
180,1565408721,3648253521,-20,40,240,0.2814,2.3131,0.51556,-27.95,42.37,247.25
181,1565408726,3648253526,-20,80,240,0.29806,2.3836,0.42667,-27.95,82.37,247.25
181,1565408727,3648253527,-20,80,240,0.2981,2.3834,0.42782,-27.95,82.37,247.25
181,1565408728,3648253528,-20,80,240,0.29786,2.3834,0.42832,-27.95,82.37,247.25
181,1565408729,3648253529,-20,80,240,0.29753,2.3835,0.4278,-27.95,82.37,247.25
181,1565408730,3648253530,-20,80,240,0.29755,2.3835,0.42769,-27.95,82.37,247.25
182,1565408737,3648253537,-20,120,240,0.26616,2.4252,0.34005,-27.95,122.37,247.25
182,1565408738,3648253538,-20,120,240,0.26621,2.4253,0.33879,-27.95,122.37,247.25
182,1565408739,3648253539,-20,120,240,0.26622,2.4252,0.33813,-27.95,122.37,247.25
182,1565408740,3648253540,-20,120,240,0.26997,2.4249,0.33623,-27.95,122.37,247.25
182,1565408741,3648253541,-20,120,240,0.26821,2.4251,0.33832,-27.95,122.37,247.25
183,1565408746,3648253546,-20,160,240,0.21681,2.441,0.24857,-27.95,162.37,247.25
183,1565408747,3648253547,-20,160,240,0.22239,2.4405,0.24848,-27.95,162.37,247.25
183,1565408748,3648253548,-20,160,240,0.21148,2.4414,0.25258,-27.95,162.37,247.25
183,1565408749,3648253549,-20,160,240,0.20942,2.4416,0.2516,-27.95,162.37,247.25
183,1565408750,3648253550,-20,160,240,0.20939,2.4416,0.25188,-27.95,162.37,247.25
184,1565408755,3648253555,-20,200,240,0.132804,2.4386,0.18352,-27.95,202.37,247.25
184,1565408756,3648253556,-20,200,240,0.130856,2.4385,0.18179,-27.95,202.37,247.25
184,1565408757,3648253557,-20,200,240,0.128504,2.4385,0.1835,-27.95,202.37,247.25
184,1565408758,3648253558,-20,200,240,0.126089,2.4384,0.18283,-27.95,202.37,247.25
184,1565408759,3648253559,-20,200,240,0.125485,2.4383,0.18232,-27.95,202.37,247.25
185,1565408848,3648253648,-20,40,200,0.26338,2.2274,0.51654,-27.95,42.37,207.25
185,1565408849,3648253649,-20,40,200,0.26338,2.2275,0.51597,-27.95,42.37,207.25
185,1565408850,3648253650,-20,40,200,0.26336,2.2274,0.5162,-27.95,42.37,207.25
185,1565408851,3648253651,-20,40,200,0.26327,2.2275,0.51586,-27.95,42.37,207.25
185,1565408852,3648253652,-20,40,200,0.26312,2.2276,0.51568,-27.95,42.37,207.25
186,1565408858,3648253658,-20,80,200,0.26453,2.297,0.42906,-27.95,82.37,207.25
186,1565408859,3648253659,-20,80,200,0.26293,2.2973,0.4279,-27.95,82.37,207.25
186,1565408860,3648253660,-20,80,200,0.26308,2.2974,0.42728,-27.95,82.37,207.25
186,1565408861,3648253661,-20,80,200,0.26266,2.2973,0.42841,-27.95,82.37,207.25
186,1565408862,3648253662,-20,80,200,0.2626,2.2972,0.42957,-27.95,82.37,207.25
187,1565408868,3648253668,-20,120,200,0.23279,2.3429,0.35844,-27.95,122.37,207.25
187,1565408869,3648253669,-20,120,200,0.23197,2.3431,0.35723,-27.95,122.37,207.25
187,1565408870,3648253670,-20,120,200,0.23184,2.3431,0.3557,-27.95,122.37,207.25
187,1565408871,3648253671,-20,120,200,0.23347,2.3428,0.35648,-27.95,122.37,207.25
187,1565408872,3648253672,-20,120,200,0.23313,2.3432,0.35369,-27.95,122.37,207.25
188,1565408877,3648253677,-20,160,200,0.171915,2.3699,0.28608,-27.95,162.37,207.25
188,1565408878,3648253678,-20,160,200,0.170381,2.3699,0.28787,-27.95,162.37,207.25
188,1565408879,3648253679,-20,160,200,0.168988,2.3699,0.28835,-27.95,162.37,207.25
188,1565408880,3648253680,-20,160,200,0.168597,2.37,0.28863,-27.95,162.37,207.25
188,1565408881,3648253681,-20,160,200,0.166763,2.3701,0.28789,-27.95,162.37,207.25
189,1565408888,3648253688,-20,200,200,0.097202,2.3802,0.22119,-27.95,202.37,207.25
189,1565408889,3648253689,-20,200,200,0.093922,2.3802,0.22035,-27.95,202.37,207.25
189,1565408890,3648253690,-20,200,200,0.094451,2.3803,0.21855,-27.95,202.37,207.25
189,1565408891,3648253691,-20,200,200,0.093463,2.3802,0.21902,-27.95,202.37,207.25
189,1565408892,3648253692,-20,200,200,0.093594,2.3802,0.21875,-27.95,202.37,207.25
190,1565408977,3648253777,0,40,200,0.27198,2.2121,0.54784,-7.95,42.37,207.25
190,1565408978,3648253778,0,40,200,0.26933,2.2124,0.548,-7.95,42.37,207.25
190,1565408979,3648253779,0,40,200,0.27069,2.2123,0.54778,-7.95,42.37,207.25
190,1565408980,3648253780,0,40,200,0.27249,2.212,0.5477,-7.95,42.37,207.25
190,1565408981,3648253781,0,40,200,0.27221,2.2122,0.54731,-7.95,42.37,207.25
191,1565408987,3648253787,0,80,200,0.26967,2.3022,0.47857,-7.95,82.37,207.25
191,1565408988,3648253788,0,80,200,0.26937,2.3027,0.47596,-7.95,82.37,207.25
191,1565408989,3648253789,0,80,200,0.26934,2.3027,0.47582,-7.95,82.37,207.25
191,1565408990,3648253790,0,80,200,0.26935,2.3027,0.47565,-7.95,82.37,207.25
191,1565408991,3648253791,0,80,200,0.26917,2.3028,0.47553,-7.95,82.37,207.25
192,1565408998,3648253798,0,120,200,0.23311,2.3636,0.40637,-7.95,122.37,207.25
192,1565408999,3648253799,0,120,200,0.23223,2.3644,0.40237,-7.95,122.37,207.25
192,1565409000,3648253800,0,120,200,0.23228,2.3645,0.40214,-7.95,122.37,207.25
192,1565409001,3648253801,0,120,200,0.23325,2.3646,0.40122,-7.95,122.37,207.25
192,1565409002,3648253802,0,120,200,0.23736,2.3644,0.39899,-7.95,122.37,207.25
193,1565409008,3648253808,0,160,200,0.171175,2.4014,0.32821,-7.95,162.37,207.25
193,1565409009,3648253809,0,160,200,0.170146,2.4015,0.32685,-7.95,162.37,207.25
193,1565409010,3648253810,0,160,200,0.168089,2.4017,0.32745,-7.95,162.37,207.25
193,1565409011,3648253811,0,160,200,0.166917,2.4016,0.32767,-7.95,162.37,207.25
193,1565409012,3648253812,0,160,200,0.165842,2.4016,0.32656,-7.95,162.37,207.25
194,1565409016,3648253816,0,200,200,0.092091,2.4176,0.25798,-7.95,202.37,207.25
194,1565409017,3648253817,0,200,200,0.091341,2.4178,0.25937,-7.95,202.37,207.25
194,1565409018,3648253818,0,200,200,0.091202,2.4179,0.25809,-7.95,202.37,207.25
194,1565409019,3648253819,0,200,200,0.090522,2.4178,0.2573,-7.95,202.37,207.25
194,1565409020,3648253820,0,200,200,0.090408,2.4177,0.25721,-7.95,202.37,207.25
195,1565409119,3648253919,20,40,200,0.32128,2.2036,0.5495,12.05,42.37,207.25
195,1565409120,3648253920,20,40,200,0.3212,2.2036,0.54968,12.05,42.37,207.25
195,1565409121,3648253921,20,40,200,0.32102,2.2036,0.54988,12.05,42.37,207.25
195,1565409122,3648253922,20,40,200,0.32022,2.2035,0.55061,12.05,42.37,207.25
195,1565409123,3648253923,20,40,200,0.32003,2.2034,0.55122,12.05,42.37,207.25
196,1565409129,3648253929,20,80,200,0.31247,2.3139,0.49244,12.05,82.37,207.25
196,1565409130,3648253930,20,80,200,0.30738,2.3146,0.4915,12.05,82.37,207.25
196,1565409131,3648253931,20,80,200,0.30629,2.3148,0.49079,12.05,82.37,207.25
196,1565409132,3648253932,20,80,200,0.30316,2.3151,0.49096,12.05,82.37,207.25
196,1565409133,3648253933,20,80,200,0.30305,2.3153,0.48984,12.05,82.37,207.25
197,1565409139,3648253939,20,120,200,0.26643,2.3892,0.42548,12.05,122.37,207.25
197,1565409140,3648253940,20,120,200,0.27133,2.389,0.42135,12.05,122.37,207.25
197,1565409141,3648253941,20,120,200,0.26559,2.3898,0.4223,12.05,122.37,207.25
197,1565409142,3648253942,20,120,200,0.2656,2.3909,0.41603,12.05,122.37,207.25
197,1565409143,3648253943,20,120,200,0.26535,2.3909,0.41596,12.05,122.37,207.25
198,1565409149,3648253949,20,160,200,0.193,2.4384,0.34323,12.05,162.37,207.25
198,1565409150,3648253950,20,160,200,0.19108,2.4385,0.34347,12.05,162.37,207.25
198,1565409151,3648253951,20,160,200,0.18812,2.4386,0.34283,12.05,162.37,207.25
198,1565409152,3648253952,20,160,200,0.1884,2.4386,0.34296,12.05,162.37,207.25
198,1565409153,3648253953,20,160,200,0.1888,2.4386,0.34271,12.05,162.37,207.25
199,1565409161,3648253961,20,200,200,0.104338,2.4608,0.2766,12.05,202.37,207.25
199,1565409162,3648253962,20,200,200,0.097428,2.4612,0.27581,12.05,202.37,207.25
199,1565409163,3648253963,20,200,200,0.111793,2.461,0.27134,12.05,202.37,207.25
199,1565409164,3648253964,20,200,200,0.109839,2.4608,0.27374,12.05,202.37,207.25
199,1565409165,3648253965,20,200,200,0.115021,2.4606,0.27049,12.05,202.37,207.25
